k,model,class,precision,recall,f1_score,support
1,naive_bayes,Spruce/Fir,0.5878467635402906,0.55625,0.5716120745022479,800.0
1,naive_bayes,Lodgepole Pine,0.533816425120773,0.27625,0.3640856672158155,800.0
1,naive_bayes,Ponderosa Pine,0.30412371134020616,0.07375,0.11871227364185111,800.0
1,naive_bayes,Cottonwood/Willow,0.5740281224152192,0.8675,0.6908909905425585,800.0
1,naive_bayes,Aspen,0.5666666666666667,0.82875,0.6730964467005076,800.0
1,naive_bayes,Douglas-fir,0.43722943722943725,0.505,0.46867749419953597,800.0
1,naive_bayes,Krummholz,0.7618025751072961,0.8875,0.8198614318706697,800.0
1,knn,Spruce/Fir,0.5177304964539007,0.5475,0.5321992709599028,800.0
1,knn,Lodgepole Pine,0.39035087719298245,0.33375,0.35983827493261455,800.0
1,knn,Ponderosa Pine,0.34198645598194133,0.37875,0.3594306049822064,800.0
1,knn,Cottonwood/Willow,0.5596620908130939,0.6625,0.6067544361763022,800.0
1,knn,Aspen,0.5894854586129754,0.65875,0.6221959858323495,800.0
1,knn,Douglas-fir,0.4504672897196262,0.30125,0.3610486891385768,800.0
1,knn,Krummholz,0.7945544554455446,0.8025,0.7985074626865671,800.0
1,decision_tree,Spruce/Fir,0.47584033613445376,0.56625,0.5171232876712328,800.0
1,decision_tree,Lodgepole Pine,0.34763948497854075,0.30375,0.32421614409606403,800.0
1,decision_tree,Ponderosa Pine,0.3425531914893617,0.4025,0.3701149425287356,800.0
1,decision_tree,Cottonwood/Willow,0.5572254335260116,0.6025,0.578978978978979,800.0
1,decision_tree,Aspen,0.5934466019417476,0.61125,0.6022167487684729,800.0
1,decision_tree,Douglas-fir,0.42402826855123676,0.3,0.3513909224011713,800.0
1,decision_tree,Krummholz,0.8037135278514589,0.7575,0.7799227799227799,800.0
1,random_forest,Spruce/Fir,0.5019108280254777,0.4925,0.4971608832807571,800.0
1,random_forest,Lodgepole Pine,0.39197530864197533,0.3175,0.35082872928176795,800.0
1,random_forest,Ponderosa Pine,0.35945945945945945,0.3325,0.34545454545454546,800.0
1,random_forest,Cottonwood/Willow,0.5662650602409639,0.64625,0.6036193812025686,800.0
1,random_forest,Aspen,0.5818181818181818,0.68,0.6270893371757925,800.0
1,random_forest,Douglas-fir,0.3941411451398136,0.37,0.38168923275306255,800.0
1,random_forest,Krummholz,0.7777777777777778,0.805,0.7911547911547911,800.0
1,gradient_boosting,Spruce/Fir,0.5503685503685504,0.56,0.5551425030978935,800.0
1,gradient_boosting,Lodgepole Pine,0.47572815533980584,0.245,0.3234323432343234,800.0
1,gradient_boosting,Ponderosa Pine,0.395,0.29625,0.3385714285714286,800.0
1,gradient_boosting,Cottonwood/Willow,0.5702614379084967,0.8725,0.6897233201581028,800.0
1,gradient_boosting,Aspen,0.6016713091922006,0.81,0.690463505594033,800.0
1,gradient_boosting,Douglas-fir,0.4859504132231405,0.3675,0.4185053380782918,800.0
1,gradient_boosting,Krummholz,0.7707373271889401,0.83625,0.802158273381295,800.0
1,xgboost,Spruce/Fir,0.5598958333333334,0.5375,0.548469387755102,800.0
1,xgboost,Lodgepole Pine,0.4872881355932203,0.2875,0.36163522012578614,800.0
1,xgboost,Ponderosa Pine,0.390715667311412,0.2525,0.3067577828397874,800.0
1,xgboost,Cottonwood/Willow,0.5653245686113394,0.86,0.6822012890431334,800.0
1,xgboost,Aspen,0.5912343470483006,0.82625,0.6892596454640251,800.0
1,xgboost,Douglas-fir,0.4885145482388974,0.39875,0.4390915347556779,800.0
1,xgboost,Krummholz,0.7777777777777778,0.83125,0.8036253776435045,800.0
2,naive_bayes,Spruce/Fir,0.5222551928783383,0.66,0.5831032578685809,800.0
2,naive_bayes,Lodgepole Pine,0.0,0.0,0.0,800.0
2,naive_bayes,Ponderosa Pine,1.0,0.00375,0.007471980074719801,800.0
2,naive_bayes,Cottonwood/Willow,0.46403712296983757,1.0,0.6339144215530903,800.0
2,naive_bayes,Aspen,0.40166061235080436,0.9675,0.5676567656765676,800.0
2,naive_bayes,Douglas-fir,0.6666666666666666,0.0025,0.0049813200498132005,800.0
2,naive_bayes,Krummholz,0.7618025751072961,0.8875,0.8198614318706697,800.0
2,knn,Spruce/Fir,0.5177304964539007,0.5475,0.5321992709599028,800.0
2,knn,Lodgepole Pine,0.39067055393586003,0.335,0.360699865410498,800.0
2,knn,Ponderosa Pine,0.3333333333333333,0.35625,0.34441087613293053,800.0
2,knn,Cottonwood/Willow,0.5605427974947808,0.67125,0.6109215017064846,800.0
2,knn,Aspen,0.5846325167037862,0.65625,0.6183745583038869,800.0
2,knn,Douglas-fir,0.4517304189435337,0.31,0.36767976278724984,800.0
2,knn,Krummholz,0.7945544554455446,0.8025,0.7985074626865671,800.0
2,decision_tree,Spruce/Fir,0.47584033613445376,0.56625,0.5171232876712328,800.0
2,decision_tree,Lodgepole Pine,0.34419263456090654,0.30375,0.32270916334661354,800.0
2,decision_tree,Ponderosa Pine,0.3329775880469584,0.39,0.3592400690846287,800.0
2,decision_tree,Cottonwood/Willow,0.5606407322654462,0.6125,0.5854241338112306,800.0
2,decision_tree,Aspen,0.5956416464891041,0.615,0.6051660516605166,800.0
2,decision_tree,Douglas-fir,0.41560798548094374,0.28625,0.3390081421169504,800.0
2,decision_tree,Krummholz,0.8037135278514589,0.7575,0.7799227799227799,800.0
2,random_forest,Spruce/Fir,0.5019108280254777,0.4925,0.4971608832807571,800.0
2,random_forest,Lodgepole Pine,0.3913713405238829,0.3175,0.3505866114561767,800.0
2,random_forest,Ponderosa Pine,0.34119278779472956,0.3075,0.3234714003944773,800.0
2,random_forest,Cottonwood/Willow,0.5725108225108225,0.66125,0.6136890951276102,800.0
2,random_forest,Aspen,0.5831556503198294,0.68375,0.6294591484464902,800.0
2,random_forest,Douglas-fir,0.38145695364238413,0.36,0.37041800643086814,800.0
2,random_forest,Krummholz,0.7777777777777778,0.805,0.7911547911547911,800.0
2,gradient_boosting,Spruce/Fir,0.5452322738386308,0.5575,0.5512978986402967,800.0
2,gradient_boosting,Lodgepole Pine,0.46601941747572817,0.24,0.31683168316831684,800.0
2,gradient_boosting,Ponderosa Pine,0.3996569468267582,0.29125,0.33694866232827186,800.0
2,gradient_boosting,Cottonwood/Willow,0.5677626303127506,0.885,0.6917440156326331,800.0
2,gradient_boosting,Aspen,0.6018518518518519,0.8125,0.6914893617021277,800.0
2,gradient_boosting,Douglas-fir,0.48408710217755446,0.36125,0.41374373657838226,800.0
2,gradient_boosting,Krummholz,0.7694090382387022,0.83,0.7985568250150331,800.0
2,xgboost,Spruce/Fir,0.5545454545454546,0.53375,0.5439490445859873,800.0
2,xgboost,Lodgepole Pine,0.48394004282655245,0.2825,0.35674822415153906,800.0
2,xgboost,Ponderosa Pine,0.3752310536044362,0.25375,0.30275913497390006,800.0
2,xgboost,Cottonwood/Willow,0.5596477181745396,0.87375,0.6822840409956076,800.0
2,xgboost,Aspen,0.5909090909090909,0.82875,0.6899063475546305,800.0
2,xgboost,Douglas-fir,0.48408710217755446,0.36125,0.41374373657838226,800.0
2,xgboost,Krummholz,0.7798594847775175,0.8325,0.8053204353083434,800.0
3,naive_bayes,Spruce/Fir,0.5172735760971056,0.6925,0.5921966862640299,800.0
3,naive_bayes,Lodgepole Pine,0.0,0.0,0.0,800.0
3,naive_bayes,Ponderosa Pine,0.625,0.00625,0.012376237623762377,800.0
3,naive_bayes,Cottonwood/Willow,0.46403712296983757,1.0,0.6339144215530903,800.0
3,naive_bayes,Aspen,0.408,0.95625,0.5719626168224299,800.0
3,naive_bayes,Douglas-fir,0.0,0.0,0.0,800.0
3,naive_bayes,Krummholz,0.7819956616052061,0.90125,0.8373983739837398,800.0
3,knn,Spruce/Fir,0.5551515151515152,0.5725,0.5636923076923077,800.0
3,knn,Lodgepole Pine,0.475,0.40375,0.43648648648648647,800.0
3,knn,Ponderosa Pine,0.4229828850855746,0.4325,0.4276885043263288,800.0
3,knn,Cottonwood/Willow,0.6429341963322546,0.745,0.6902142443543717,800.0
3,knn,Aspen,0.7263626251390434,0.81625,0.7686874632136551,800.0
3,knn,Douglas-fir,0.5206611570247934,0.39375,0.4483985765124555,800.0
3,knn,Krummholz,0.8144208037825059,0.86125,0.8371810449574727,800.0
3,decision_tree,Spruce/Fir,0.48789346246973364,0.50375,0.4956949569495695,800.0
3,decision_tree,Lodgepole Pine,0.4272959183673469,0.41875,0.42297979797979796,800.0
3,decision_tree,Ponderosa Pine,0.3868974042027194,0.39125,0.38906152889993784,800.0
3,decision_tree,Cottonwood/Willow,0.6404066073697586,0.63,0.6351606805293005,800.0
3,decision_tree,Aspen,0.7110834371108343,0.71375,0.7124142233312539,800.0
3,decision_tree,Douglas-fir,0.40328697850821743,0.39875,0.4010056568196103,800.0
3,decision_tree,Krummholz,0.7925,0.7925,0.7925,800.0
3,random_forest,Spruce/Fir,0.5474358974358975,0.53375,0.540506329113924,800.0
3,random_forest,Lodgepole Pine,0.4872159090909091,0.42875,0.45611702127659576,800.0
3,random_forest,Ponderosa Pine,0.4230769230769231,0.385,0.4031413612565445,800.0
3,random_forest,Cottonwood/Willow,0.6530612244897959,0.76,0.7024841132293472,800.0
3,random_forest,Aspen,0.7149270482603816,0.79625,0.7534003548196333,800.0
3,random_forest,Douglas-fir,0.4534246575342466,0.41375,0.4326797385620915,800.0
3,random_forest,Krummholz,0.7930622009569378,0.82875,0.8105134474327629,800.0
3,gradient_boosting,Spruce/Fir,0.5788146279949559,0.57375,0.576271186440678,800.0
3,gradient_boosting,Lodgepole Pine,0.5432595573440644,0.3375,0.4163454124903624,800.0
3,gradient_boosting,Ponderosa Pine,0.4449213161659514,0.38875,0.4149432955303536,800.0
3,gradient_boosting,Cottonwood/Willow,0.6324472960586618,0.8625,0.7297726070861977,800.0
3,gradient_boosting,Aspen,0.6606425702811245,0.8225,0.732739420935412,800.0
3,gradient_boosting,Douglas-fir,0.5154320987654321,0.4175,0.4613259668508287,800.0
3,gradient_boosting,Krummholz,0.7990867579908676,0.875,0.8353221957040573,800.0
3,xgboost,Spruce/Fir,0.5650510204081632,0.55375,0.5593434343434344,800.0
3,xgboost,Lodgepole Pine,0.521669341894061,0.40625,0.4567814476458187,800.0
3,xgboost,Ponderosa Pine,0.44285714285714284,0.3875,0.41333333333333333,800.0
3,xgboost,Cottonwood/Willow,0.639511201629328,0.785,0.7048260381593715,800.0
3,xgboost,Aspen,0.706951871657754,0.82625,0.7619596541786744,800.0
3,xgboost,Douglas-fir,0.5,0.4475,0.47229551451187335,800.0
3,xgboost,Krummholz,0.7906976744186046,0.85,0.8192771084337349,800.0
5,naive_bayes,Spruce/Fir,0.2071611253196931,0.10125,0.13602015113350127,800.0
5,naive_bayes,Lodgepole Pine,0.0,0.0,0.0,800.0
5,naive_bayes,Ponderosa Pine,0.7878787878787878,0.0325,0.062424969987995196,800.0
5,naive_bayes,Cottonwood/Willow,0.46647230320699706,1.0,0.6361829025844931,800.0
5,naive_bayes,Aspen,0.42279163857046526,0.78375,0.5492772667542707,800.0
5,naive_bayes,Douglas-fir,0.7017543859649122,0.05,0.09334889148191365,800.0
5,naive_bayes,Krummholz,0.41332639250390424,0.9925,0.583608967291437,800.0
5,knn,Spruce/Fir,0.5546116504854369,0.57125,0.562807881773399,800.0
5,knn,Lodgepole Pine,0.5045180722891566,0.41875,0.4576502732240437,800.0
5,knn,Ponderosa Pine,0.5261875761266748,0.54,0.5330043183220234,800.0
5,knn,Cottonwood/Willow,0.7988505747126436,0.86875,0.8323353293413174,800.0
5,knn,Aspen,0.7425968109339408,0.815,0.7771156138259833,800.0
5,knn,Douglas-fir,0.6169296987087518,0.5375,0.5744822979291917,800.0
5,knn,Krummholz,0.8144208037825059,0.86125,0.8371810449574727,800.0
5,decision_tree,Spruce/Fir,0.4963235294117647,0.50625,0.5012376237623762,800.0
5,decision_tree,Lodgepole Pine,0.4325,0.4325,0.4325,800.0
5,decision_tree,Ponderosa Pine,0.4708171206225681,0.45375,0.4621260343730108,800.0
5,decision_tree,Cottonwood/Willow,0.7972292191435768,0.79125,0.794228356336261,800.0
5,decision_tree,Aspen,0.7211302211302212,0.73375,0.7273853779429987,800.0
5,decision_tree,Douglas-fir,0.5154130702836005,0.5225,0.5189323401613904,800.0
5,decision_tree,Krummholz,0.7972292191435768,0.79125,0.794228356336261,800.0
5,random_forest,Spruce/Fir,0.5443864229765013,0.52125,0.5325670498084292,800.0
5,random_forest,Lodgepole Pine,0.5006993006993007,0.4475,0.4726072607260726,800.0
5,random_forest,Ponderosa Pine,0.5124835742444153,0.4875,0.4996796925048046,800.0
5,random_forest,Cottonwood/Willow,0.8099762470308789,0.8525,0.830694275274056,800.0
5,random_forest,Aspen,0.7244094488188977,0.805,0.7625814091178212,800.0
5,random_forest,Douglas-fir,0.59846547314578,0.585,0.5916561314791403,800.0
5,random_forest,Krummholz,0.7893491124260354,0.83375,0.8109422492401216,800.0
5,gradient_boosting,Spruce/Fir,0.5862944162436549,0.5775,0.5818639798488665,800.0
5,gradient_boosting,Lodgepole Pine,0.5513833992094862,0.34875,0.42725880551301687,800.0
5,gradient_boosting,Ponderosa Pine,0.49940968122786306,0.52875,0.5136612021857924,800.0
5,gradient_boosting,Cottonwood/Willow,0.7759197324414716,0.87,0.8202710665880967,800.0
5,gradient_boosting,Aspen,0.6629778672032193,0.82375,0.7346711259754738,800.0
5,gradient_boosting,Douglas-fir,0.6228323699421965,0.53875,0.5777479892761395,800.0
5,gradient_boosting,Krummholz,0.8002283105022832,0.87625,0.8365155131264916,800.0
5,xgboost,Spruce/Fir,0.5699481865284974,0.55,0.5597964376590331,800.0
5,xgboost,Lodgepole Pine,0.5195007800312013,0.41625,0.4621790423317141,800.0
5,xgboost,Ponderosa Pine,0.5407503234152652,0.5225,0.5314685314685315,800.0
5,xgboost,Cottonwood/Willow,0.8091334894613583,0.86375,0.8355501813784765,800.0
5,xgboost,Aspen,0.7125813449023861,0.82125,0.7630662020905923,800.0
5,xgboost,Douglas-fir,0.5943517329910141,0.57875,0.5864471184293857,800.0
5,xgboost,Krummholz,0.7904540162980209,0.84875,0.8185654008438819,800.0
7,naive_bayes,Spruce/Fir,0.45098039215686275,0.08625,0.14480587618048268,800.0
7,naive_bayes,Lodgepole Pine,0.0,0.0,0.0,800.0
7,naive_bayes,Ponderosa Pine,0.7878787878787878,0.0325,0.062424969987995196,800.0
7,naive_bayes,Cottonwood/Willow,0.46647230320699706,1.0,0.6361829025844931,800.0
7,naive_bayes,Aspen,0.385,0.9625,0.55,800.0
7,naive_bayes,Douglas-fir,0.6184738955823293,0.1925,0.29361296472831266,800.0
7,naive_bayes,Krummholz,0.5331034482758621,0.96625,0.6871111111111111,800.0
7,knn,Spruce/Fir,0.57625,0.57625,0.57625,800.0
7,knn,Lodgepole Pine,0.584070796460177,0.495,0.5358592692828146,800.0
7,knn,Ponderosa Pine,0.5417170495767836,0.56,0.5507068223724647,800.0
7,knn,Cottonwood/Willow,0.7988505747126436,0.86875,0.8323353293413174,800.0
7,knn,Aspen,0.7525773195876289,0.82125,0.785415421398685,800.0
7,knn,Douglas-fir,0.6142857142857143,0.5375,0.5733333333333334,800.0
7,knn,Krummholz,0.8215962441314554,0.875,0.847457627118644,800.0
7,decision_tree,Spruce/Fir,0.504914004914005,0.51375,0.5092936802973977,800.0
7,decision_tree,Lodgepole Pine,0.48863636363636365,0.48375,0.4861809045226131,800.0
7,decision_tree,Ponderosa Pine,0.5121019108280255,0.5025,0.5072555205047319,800.0
7,decision_tree,Cottonwood/Willow,0.7925,0.7925,0.7925,800.0
7,decision_tree,Aspen,0.7251243781094527,0.72875,0.726932668329177,800.0
7,decision_tree,Douglas-fir,0.5295566502463054,0.5375,0.533498759305211,800.0
7,decision_tree,Krummholz,0.8045397225725095,0.7975,0.8010043942247332,800.0
7,random_forest,Spruce/Fir,0.5790816326530612,0.5675,0.5732323232323232,800.0
7,random_forest,Lodgepole Pine,0.5652173913043478,0.52,0.5416666666666666,800.0
7,random_forest,Ponderosa Pine,0.5340314136125655,0.51,0.5217391304347826,800.0
7,random_forest,Cottonwood/Willow,0.8066825775656324,0.845,0.8253968253968254,800.0
7,random_forest,Aspen,0.7361111111111112,0.795,0.7644230769230769,800.0
7,random_forest,Douglas-fir,0.5897435897435898,0.575,0.5822784810126582,800.0
7,random_forest,Krummholz,0.815347721822542,0.85,0.8323133414932681,800.0
7,gradient_boosting,Spruce/Fir,0.5947302383939774,0.5925,0.593613024420789,800.0
7,gradient_boosting,Lodgepole Pine,0.6103059581320451,0.47375,0.5334271639690359,800.0
7,gradient_boosting,Ponderosa Pine,0.5216867469879518,0.54125,0.5312883435582823,800.0
7,gradient_boosting,Cottonwood/Willow,0.7776536312849162,0.87,0.8212389380530973,800.0
7,gradient_boosting,Aspen,0.6989130434782609,0.80375,0.7476744186046511,800.0
7,gradient_boosting,Douglas-fir,0.6137339055793991,0.53625,0.5723815877251501,800.0
7,gradient_boosting,Krummholz,0.8221957040572793,0.86125,0.8412698412698413,800.0
7,xgboost,Spruce/Fir,0.5786082474226805,0.56125,0.5697969543147208,800.0
7,xgboost,Lodgepole Pine,0.5834522111269614,0.51125,0.5449700199866756,800.0
7,xgboost,Ponderosa Pine,0.5627425614489003,0.54375,0.5530832803560076,800.0
7,xgboost,Cottonwood/Willow,0.8058479532163743,0.86125,0.8326283987915408,800.0
7,xgboost,Aspen,0.7425968109339408,0.815,0.7771156138259833,800.0
7,xgboost,Douglas-fir,0.5917312661498708,0.5725,0.5819567979669632,800.0
7,xgboost,Krummholz,0.8030842230130486,0.84625,0.8241022519780888,800.0
10,naive_bayes,Spruce/Fir,0.4339622641509434,0.02875,0.053927315357561546,800.0
10,naive_bayes,Lodgepole Pine,0.0,0.0,0.0,800.0
10,naive_bayes,Ponderosa Pine,0.7941176470588235,0.03375,0.06474820143884892,800.0
10,naive_bayes,Cottonwood/Willow,0.47619047619047616,1.0,0.6451612903225806,800.0
10,naive_bayes,Aspen,0.29934337582078024,0.96875,0.4573620537031573,800.0
10,naive_bayes,Douglas-fir,0.5992366412213741,0.19625,0.295668549905838,800.0
10,naive_bayes,Krummholz,0.7515274949083504,0.9225,0.8282828282828283,800.0
10,knn,Spruce/Fir,0.6800518134715026,0.65625,0.6679389312977099,800.0
10,knn,Lodgepole Pine,0.662613981762918,0.545,0.598079561042524,800.0
10,knn,Ponderosa Pine,0.6476997578692494,0.66875,0.6580565805658056,800.0
10,knn,Cottonwood/Willow,0.8325471698113207,0.8825,0.8567961165048543,800.0
10,knn,Aspen,0.7865655471289275,0.9075,0.8427161926871736,800.0
10,knn,Douglas-fir,0.728629579375848,0.67125,0.6987638256343527,800.0
10,knn,Krummholz,0.8755980861244019,0.915,0.8948655256723717,800.0
10,decision_tree,Spruce/Fir,0.603359173126615,0.58375,0.5933926302414231,800.0
10,decision_tree,Lodgepole Pine,0.5629722921914357,0.55875,0.560853199498118,800.0
10,decision_tree,Ponderosa Pine,0.5728770595690748,0.565,0.5689112649465072,800.0
10,decision_tree,Cottonwood/Willow,0.815403422982885,0.83375,0.8244746600741656,800.0
10,decision_tree,Aspen,0.7944377267230955,0.82125,0.8076213890596189,800.0
10,decision_tree,Douglas-fir,0.6310432569974554,0.62,0.6254728877679697,800.0
10,decision_tree,Krummholz,0.8608374384236454,0.87375,0.8672456575682382,800.0
10,random_forest,Spruce/Fir,0.6860759493670886,0.6775,0.6817610062893081,800.0
10,random_forest,Lodgepole Pine,0.6771879483500718,0.59,0.6305945223780896,800.0
10,random_forest,Ponderosa Pine,0.6666666666666666,0.665,0.6658322903629537,800.0
10,random_forest,Cottonwood/Willow,0.8444180522565321,0.88875,0.8660170523751523,800.0
10,random_forest,Aspen,0.8112994350282486,0.8975,0.8522255192878339,800.0
10,random_forest,Douglas-fir,0.7391874180865007,0.705,0.7216890595009597,800.0
10,random_forest,Krummholz,0.8957575757575758,0.92375,0.9095384615384615,800.0
10,gradient_boosting,Spruce/Fir,0.6314496314496314,0.6425,0.6369268897149938,800.0
10,gradient_boosting,Lodgepole Pine,0.6232339089481946,0.49625,0.5525400139178844,800.0
10,gradient_boosting,Ponderosa Pine,0.5707133917396746,0.57,0.5703564727954972,800.0
10,gradient_boosting,Cottonwood/Willow,0.8025404157043879,0.86875,0.8343337334933973,800.0
10,gradient_boosting,Aspen,0.7337016574585635,0.83,0.7788856304985338,800.0
10,gradient_boosting,Douglas-fir,0.6431372549019608,0.615,0.6287539936102237,800.0
10,gradient_boosting,Krummholz,0.8746928746928747,0.89,0.8822800495662949,800.0
10,xgboost,Spruce/Fir,0.661498708010336,0.64,0.650571791613723,800.0
10,xgboost,Lodgepole Pine,0.6450704225352113,0.5725,0.6066225165562914,800.0
10,xgboost,Ponderosa Pine,0.6459948320413437,0.625,0.6353240152477764,800.0
10,xgboost,Cottonwood/Willow,0.8361244019138756,0.87375,0.8545232273838631,800.0
10,xgboost,Aspen,0.7934904601571269,0.88375,0.8361916026020106,800.0
10,xgboost,Douglas-fir,0.6976160602258469,0.695,0.6963055729492799,800.0
10,xgboost,Krummholz,0.8887530562347188,0.90875,0.8986402966625463,800.0
15,naive_bayes,Spruce/Fir,0.5333333333333333,0.01,0.0196319018404908,800.0
15,naive_bayes,Lodgepole Pine,0.0,0.0,0.0,800.0
15,naive_bayes,Ponderosa Pine,0.20674157303370785,0.115,0.14779116465863454,800.0
15,naive_bayes,Cottonwood/Willow,0.46484601975595585,1.0,0.6346687822292741,800.0
15,naive_bayes,Aspen,0.2715551974214343,0.42125,0.33023027927486526,800.0
15,naive_bayes,Douglas-fir,0.22676837725381416,0.40875,0.29170383586083853,800.0
15,naive_bayes,Krummholz,0.8926630434782609,0.82125,0.85546875,800.0
15,knn,Spruce/Fir,0.681360201511335,0.67625,0.6787954830614805,800.0
15,knn,Lodgepole Pine,0.6237037037037036,0.52625,0.5708474576271186,800.0
15,knn,Ponderosa Pine,0.6967654986522911,0.64625,0.6705577172503242,800.0
15,knn,Cottonwood/Willow,0.8649885583524027,0.945,0.9032258064516129,800.0
15,knn,Aspen,0.7614879649890591,0.87,0.8121353558926487,800.0
15,knn,Douglas-fir,0.7179161372299873,0.70625,0.7120352867044738,800.0
15,knn,Krummholz,0.9103194103194103,0.92625,0.9182156133828996,800.0
15,decision_tree,Spruce/Fir,0.6020151133501259,0.5975,0.5997490589711418,800.0
15,decision_tree,Lodgepole Pine,0.550185873605948,0.555,0.552582451773491,800.0
15,decision_tree,Ponderosa Pine,0.6364795918367347,0.62375,0.6300505050505051,800.0
15,decision_tree,Cottonwood/Willow,0.8871359223300971,0.91375,0.9002463054187192,800.0
15,decision_tree,Aspen,0.8198529411764706,0.83625,0.8279702970297029,800.0
15,decision_tree,Douglas-fir,0.6765463917525774,0.65625,0.666243654822335,800.0
15,decision_tree,Krummholz,0.8660826032540676,0.865,0.8655409631019387,800.0
15,random_forest,Spruce/Fir,0.7461139896373057,0.72,0.732824427480916,800.0
15,random_forest,Lodgepole Pine,0.7274011299435028,0.64375,0.6830238726790451,800.0
15,random_forest,Ponderosa Pine,0.7812080536912752,0.7275,0.7533980582524272,800.0
15,random_forest,Cottonwood/Willow,0.8932261768082663,0.9725,0.931178934769599,800.0
15,random_forest,Aspen,0.8468677494199536,0.9125,0.8784596871239471,800.0
15,random_forest,Douglas-fir,0.782983970406905,0.79375,0.7883302296710117,800.0
15,random_forest,Krummholz,0.910950661853189,0.94625,0.9282648681790313,800.0
15,gradient_boosting,Spruce/Fir,0.6557177615571776,0.67375,0.6646115906288532,800.0
15,gradient_boosting,Lodgepole Pine,0.6724409448818898,0.53375,0.5951219512195122,800.0
15,gradient_boosting,Ponderosa Pine,0.6675324675324675,0.6425,0.6547770700636942,800.0
15,gradient_boosting,Cottonwood/Willow,0.8985849056603774,0.9525,0.9247572815533981,800.0
15,gradient_boosting,Aspen,0.7607497243660419,0.8625,0.8084358523725835,800.0
15,gradient_boosting,Douglas-fir,0.6946182728410513,0.69375,0.6941838649155723,800.0
15,gradient_boosting,Krummholz,0.884004884004884,0.905,0.8943792464484249,800.0
15,xgboost,Spruce/Fir,0.7,0.70875,0.7043478260869566,800.0
15,xgboost,Lodgepole Pine,0.6945244956772334,0.6025,0.6452476572958501,800.0
15,xgboost,Ponderosa Pine,0.759020618556701,0.73625,0.7474619289340102,800.0
15,xgboost,Cottonwood/Willow,0.9171668667466987,0.955,0.9357011635027557,800.0
15,xgboost,Aspen,0.8342989571263036,0.9,0.8659049909801564,800.0
15,xgboost,Douglas-fir,0.7770859277708593,0.78,0.7785402370555209,800.0
15,xgboost,Krummholz,0.9147381242387332,0.93875,0.9265885256014805,800.0
20,naive_bayes,Spruce/Fir,0.7522123893805309,0.10625,0.18619934282584885,800.0
20,naive_bayes,Lodgepole Pine,0.0,0.0,0.0,800.0
20,naive_bayes,Ponderosa Pine,0.3929236499068901,0.26375,0.3156320119670905,800.0
20,naive_bayes,Cottonwood/Willow,0.46565774155995343,1.0,0.6354249404289118,800.0
20,naive_bayes,Aspen,0.29982668977469673,0.4325,0.3541453428863869,800.0
20,naive_bayes,Douglas-fir,0.2393617021276596,0.39375,0.29773156899810965,800.0
20,naive_bayes,Krummholz,0.8727034120734908,0.83125,0.8514724711907811,800.0
20,knn,Spruce/Fir,0.6527249683143219,0.64375,0.6482064191315292,800.0
20,knn,Lodgepole Pine,0.6067892503536068,0.53625,0.5693430656934306,800.0
20,knn,Ponderosa Pine,0.680998613037448,0.61375,0.6456278763971072,800.0
20,knn,Cottonwood/Willow,0.8428899082568807,0.91875,0.8791866028708134,800.0
20,knn,Aspen,0.7710176991150443,0.87125,0.818075117370892,800.0
20,knn,Douglas-fir,0.684931506849315,0.6875,0.6862133499688085,800.0
20,knn,Krummholz,0.9029850746268657,0.9075,0.9052369077306733,800.0
20,decision_tree,Spruce/Fir,0.618204804045512,0.61125,0.6147077309868008,800.0
20,decision_tree,Lodgepole Pine,0.5478374836173001,0.5225,0.5348688419705694,800.0
20,decision_tree,Ponderosa Pine,0.6437823834196891,0.62125,0.6323155216284987,800.0
20,decision_tree,Cottonwood/Willow,0.8860294117647058,0.90375,0.8948019801980198,800.0
20,decision_tree,Aspen,0.812577065351418,0.82375,0.8181253879577902,800.0
20,decision_tree,Douglas-fir,0.6523867809057528,0.66625,0.6592455163883735,800.0
20,decision_tree,Krummholz,0.8602409638554217,0.8925,0.8760736196319019,800.0
20,random_forest,Spruce/Fir,0.7305764411027569,0.72875,0.7296620775969962,800.0
20,random_forest,Lodgepole Pine,0.7264957264957265,0.6375,0.6790945406125166,800.0
20,random_forest,Ponderosa Pine,0.7889039242219216,0.72875,0.7576348278102664,800.0
20,random_forest,Cottonwood/Willow,0.8961937716262975,0.97125,0.9322135572885423,800.0
20,random_forest,Aspen,0.86,0.91375,0.8860606060606061,800.0
20,random_forest,Douglas-fir,0.7769607843137255,0.7925,0.7846534653465347,800.0
20,random_forest,Krummholz,0.9142512077294686,0.94625,0.9299754299754299,800.0
20,gradient_boosting,Spruce/Fir,0.6626065773447016,0.68,0.6711906230721777,800.0
20,gradient_boosting,Lodgepole Pine,0.6779141104294478,0.5525,0.6088154269972452,800.0
20,gradient_boosting,Ponderosa Pine,0.7058823529411765,0.66,0.6821705426356589,800.0
20,gradient_boosting,Cottonwood/Willow,0.8970414201183432,0.9475,0.921580547112462,800.0
20,gradient_boosting,Aspen,0.7829021372328459,0.87,0.8241563055062167,800.0
20,gradient_boosting,Douglas-fir,0.6924004825090471,0.7175,0.7047268262737876,800.0
20,gradient_boosting,Krummholz,0.8872549019607843,0.905,0.8960396039603961,800.0
20,xgboost,Spruce/Fir,0.7232947232947233,0.7025,0.7127457197209892,800.0
20,xgboost,Lodgepole Pine,0.6938775510204082,0.6375,0.6644951140065146,800.0
20,xgboost,Ponderosa Pine,0.7766097240473062,0.73875,0.7572069186418963,800.0
20,xgboost,Cottonwood/Willow,0.9171668667466987,0.955,0.9357011635027557,800.0
20,xgboost,Aspen,0.8522860492379836,0.90875,0.8796128251663642,800.0
20,xgboost,Douglas-fir,0.7719512195121951,0.79125,0.7814814814814814,800.0
20,xgboost,Krummholz,0.9159561510353228,0.94,0.9278223318938926,800.0
30,naive_bayes,Spruce/Fir,0.7692307692307693,0.125,0.21505376344086022,800.0
30,naive_bayes,Lodgepole Pine,0.8452380952380952,0.08875,0.16063348416289594,800.0
30,naive_bayes,Ponderosa Pine,0.3839811542991755,0.4075,0.3953911461491813,800.0
30,naive_bayes,Cottonwood/Willow,0.4643064422518862,1.0,0.6341656757827983,800.0
30,naive_bayes,Aspen,0.37597765363128494,0.84125,0.5196911196911197,800.0
30,naive_bayes,Douglas-fir,1.0,0.015,0.029556650246305417,800.0
30,naive_bayes,Krummholz,0.7233201581027668,0.915,0.8079470198675497,800.0
30,knn,Spruce/Fir,0.6719787516600265,0.6325,0.6516419832582099,800.0
30,knn,Lodgepole Pine,0.6237482117310443,0.545,0.5817211474316211,800.0
30,knn,Ponderosa Pine,0.6848137535816619,0.5975,0.6381842456608812,800.0
30,knn,Cottonwood/Willow,0.8301675977653631,0.92875,0.8766961651917404,800.0
30,knn,Aspen,0.746822033898305,0.88125,0.8084862385321101,800.0
30,knn,Douglas-fir,0.6810673443456162,0.67,0.6754883427851291,800.0
30,knn,Krummholz,0.8932038834951457,0.92,0.9064039408866995,800.0
30,decision_tree,Spruce/Fir,0.632183908045977,0.61875,0.6253948199620973,800.0
30,decision_tree,Lodgepole Pine,0.5682704811443433,0.54625,0.55704270235819,800.0
30,decision_tree,Ponderosa Pine,0.6775032509752926,0.65125,0.6641172721478649,800.0
30,decision_tree,Cottonwood/Willow,0.8700361010830325,0.90375,0.8865726548129982,800.0
30,decision_tree,Aspen,0.8177399756986634,0.84125,0.829328404189772,800.0
30,decision_tree,Douglas-fir,0.6786155747836835,0.68625,0.6824114356743319,800.0
30,decision_tree,Krummholz,0.8774509803921569,0.895,0.8861386138613861,800.0
30,random_forest,Spruce/Fir,0.7461928934010152,0.735,0.7405541561712846,800.0
30,random_forest,Lodgepole Pine,0.7528248587570622,0.66625,0.7068965517241379,800.0
30,random_forest,Ponderosa Pine,0.790633608815427,0.7175,0.7522935779816514,800.0
30,random_forest,Cottonwood/Willow,0.8901601830663616,0.9725,0.929510155316607,800.0
30,random_forest,Aspen,0.8694117647058823,0.92375,0.8957575757575758,800.0
30,random_forest,Douglas-fir,0.7757575757575758,0.8,0.7876923076923077,800.0
30,random_forest,Krummholz,0.9143546441495778,0.9475,0.9306322897483118,800.0
30,gradient_boosting,Spruce/Fir,0.686819830713422,0.71,0.6982175783650891,800.0
30,gradient_boosting,Lodgepole Pine,0.7024922118380063,0.56375,0.6255201109570042,800.0
30,gradient_boosting,Ponderosa Pine,0.7208053691275168,0.67125,0.6951456310679611,800.0
30,gradient_boosting,Cottonwood/Willow,0.9079102715466352,0.96125,0.9338190649666059,800.0
30,gradient_boosting,Aspen,0.7943820224719101,0.88375,0.8366863905325443,800.0
30,gradient_boosting,Douglas-fir,0.6947115384615384,0.7225,0.7083333333333334,800.0
30,gradient_boosting,Krummholz,0.8996328029375765,0.91875,0.9090909090909091,800.0
30,xgboost,Spruce/Fir,0.7238805970149254,0.7275,0.7256857855361596,800.0
30,xgboost,Lodgepole Pine,0.7287157287157288,0.63125,0.6764902880107166,800.0
30,xgboost,Ponderosa Pine,0.8092643051771117,0.7425,0.7744458930899609,800.0
30,xgboost,Cottonwood/Willow,0.9189511323003575,0.96375,0.9408175716900549,800.0
30,xgboost,Aspen,0.8545034642032333,0.925,0.8883553421368547,800.0
30,xgboost,Douglas-fir,0.7870813397129187,0.8225,0.80440097799511,800.0
30,xgboost,Krummholz,0.9202898550724637,0.9525,0.9361179361179361,800.0
40,naive_bayes,Spruce/Fir,0.6538461538461539,0.19125,0.29593810444874274,800.0
40,naive_bayes,Lodgepole Pine,0.8554216867469879,0.08875,0.16081540203850508,800.0
40,naive_bayes,Ponderosa Pine,0.3983644859813084,0.42625,0.41183574879227053,800.0
40,naive_bayes,Cottonwood/Willow,0.4662756598240469,0.99375,0.6347305389221557,800.0
40,naive_bayes,Aspen,0.3890290037831021,0.77125,0.5171835708298408,800.0
40,naive_bayes,Douglas-fir,1.0,0.035,0.06763285024154589,800.0
40,naive_bayes,Krummholz,0.6606498194945848,0.915,0.7672955974842768,800.0
40,knn,Spruce/Fir,0.6474442988204456,0.6175,0.6321177223288548,800.0
40,knn,Lodgepole Pine,0.6302765647743813,0.54125,0.5823806321452589,800.0
40,knn,Ponderosa Pine,0.6722925457102672,0.5975,0.6326935804103243,800.0
40,knn,Cottonwood/Willow,0.8391451068616423,0.9325,0.8833629366489046,800.0
40,knn,Aspen,0.7434497816593887,0.85125,0.7937062937062938,800.0
40,knn,Douglas-fir,0.672069825436409,0.67375,0.6729088639200999,800.0
40,knn,Krummholz,0.8822115384615384,0.9175,0.8995098039215687,800.0
40,decision_tree,Spruce/Fir,0.6323155216284987,0.62125,0.626733921815889,800.0
40,decision_tree,Lodgepole Pine,0.5699208443271768,0.54,0.5545571245186136,800.0
40,decision_tree,Ponderosa Pine,0.6708701134930644,0.665,0.6679221594475832,800.0
40,decision_tree,Cottonwood/Willow,0.8915956151035322,0.915,0.9031462060456509,800.0
40,decision_tree,Aspen,0.7940828402366864,0.83875,0.8158054711246201,800.0
40,decision_tree,Douglas-fir,0.6830808080808081,0.67625,0.6796482412060302,800.0
40,decision_tree,Krummholz,0.8894409937888199,0.895,0.8922118380062305,800.0
40,random_forest,Spruce/Fir,0.7537688442211056,0.75,0.7518796992481203,800.0
40,random_forest,Lodgepole Pine,0.7471428571428571,0.65375,0.6973333333333334,800.0
40,random_forest,Ponderosa Pine,0.8033946251768034,0.71,0.7538155275381553,800.0
40,random_forest,Cottonwood/Willow,0.8929804372842347,0.97,0.9298981426003595,800.0
40,random_forest,Aspen,0.861664712778429,0.91875,0.8892921960072595,800.0
40,random_forest,Douglas-fir,0.7681498829039812,0.82,0.7932285368802902,800.0
40,random_forest,Krummholz,0.9196102314250914,0.94375,0.9315237507711289,800.0
40,gradient_boosting,Spruce/Fir,0.6935286935286935,0.71,0.701667696108709,800.0
40,gradient_boosting,Lodgepole Pine,0.703125,0.5625,0.625,800.0
40,gradient_boosting,Ponderosa Pine,0.7388362652232747,0.6825,0.7095516569200779,800.0
40,gradient_boosting,Cottonwood/Willow,0.902122641509434,0.95625,0.9283980582524272,800.0
40,gradient_boosting,Aspen,0.7966480446927374,0.89125,0.8412979351032448,800.0
40,gradient_boosting,Douglas-fir,0.7191943127962085,0.75875,0.7384428223844283,800.0
40,gradient_boosting,Krummholz,0.898159509202454,0.915,0.9065015479876161,800.0
40,xgboost,Spruce/Fir,0.7325,0.7325,0.7325,800.0
40,xgboost,Lodgepole Pine,0.7283236994219653,0.63,0.675603217158177,800.0
40,xgboost,Ponderosa Pine,0.8024032042723631,0.75125,0.775984506132989,800.0
40,xgboost,Cottonwood/Willow,0.9199522102747909,0.9625,0.9407452657299938,800.0
40,xgboost,Aspen,0.8548199767711963,0.92,0.8862131246237207,800.0
40,xgboost,Douglas-fir,0.7847800237812128,0.825,0.8043875685557587,800.0
40,xgboost,Krummholz,0.9182926829268293,0.94125,0.9296296296296296,800.0
54,naive_bayes,Spruce/Fir,0.506578947368421,0.1925,0.27898550724637683,800.0
54,naive_bayes,Lodgepole Pine,0.7647058823529411,0.01625,0.03182374541003672,800.0
54,naive_bayes,Ponderosa Pine,0.40213523131672596,0.42375,0.4126597687157638,800.0
54,naive_bayes,Cottonwood/Willow,0.4662756598240469,0.99375,0.6347305389221557,800.0
54,naive_bayes,Aspen,0.5446559297218155,0.465,0.5016857720836143,800.0
54,naive_bayes,Douglas-fir,0.2996845425867508,0.11875,0.1700984780662489,800.0
54,naive_bayes,Krummholz,0.4413633737723859,0.955,0.6037139470564994,800.0
54,knn,Spruce/Fir,0.6501305483028721,0.6225,0.6360153256704981,800.0
54,knn,Lodgepole Pine,0.6273932253313697,0.5325,0.5760649087221096,800.0
54,knn,Ponderosa Pine,0.6746478873239437,0.59875,0.6344370860927152,800.0
54,knn,Cottonwood/Willow,0.8355704697986577,0.93375,0.8819362455726092,800.0
54,knn,Aspen,0.7434497816593887,0.85125,0.7937062937062938,800.0
54,knn,Douglas-fir,0.6758448060075094,0.675,0.6754221388367729,800.0
54,knn,Krummholz,0.8803827751196173,0.92,0.8997555012224939,800.0
54,decision_tree,Spruce/Fir,0.6346396965865992,0.6275,0.6310496543054682,800.0
54,decision_tree,Lodgepole Pine,0.5661861074705111,0.54,0.5527831094049904,800.0
54,decision_tree,Ponderosa Pine,0.6679197994987469,0.66625,0.6670838548185232,800.0
54,decision_tree,Cottonwood/Willow,0.8842874543239951,0.9075,0.8957433682911783,800.0
54,decision_tree,Aspen,0.7957244655581948,0.8375,0.8160779537149817,800.0
54,decision_tree,Douglas-fir,0.6957637997432606,0.6775,0.6865104496516783,800.0
54,decision_tree,Krummholz,0.8858560794044665,0.8925,0.8891656288916563,800.0
54,random_forest,Spruce/Fir,0.7456359102244389,0.7475,0.7465667915106118,800.0
54,random_forest,Lodgepole Pine,0.7583697234352256,0.65125,0.7007397444519166,800.0
54,random_forest,Ponderosa Pine,0.7806539509536785,0.71625,0.7470664928292047,800.0
54,random_forest,Cottonwood/Willow,0.8877434135166093,0.96875,0.9264793783622236,800.0
54,random_forest,Aspen,0.856140350877193,0.915,0.8845921450151057,800.0
54,random_forest,Douglas-fir,0.7795371498172959,0.8,0.7896360271437385,800.0
54,random_forest,Krummholz,0.9130434782608695,0.945,0.9287469287469288,800.0
54,gradient_boosting,Spruce/Fir,0.6942752740560292,0.7125,0.703269586674892,800.0
54,gradient_boosting,Lodgepole Pine,0.7069243156199678,0.54875,0.6178747361013371,800.0
54,gradient_boosting,Ponderosa Pine,0.736986301369863,0.6725,0.7032679738562092,800.0
54,gradient_boosting,Cottonwood/Willow,0.901775147928994,0.9525,0.9264437689969605,800.0
54,gradient_boosting,Aspen,0.7860310421286031,0.88625,0.8331374853113983,800.0
54,gradient_boosting,Douglas-fir,0.710955710955711,0.7625,0.7358262967430639,800.0
54,gradient_boosting,Krummholz,0.8942891859052248,0.92,0.906962415280345,800.0
54,xgboost,Spruce/Fir,0.7368421052631579,0.7525,0.7445887445887446,800.0
54,xgboost,Lodgepole Pine,0.739067055393586,0.63375,0.6823687752355316,800.0
54,xgboost,Ponderosa Pine,0.8067567567567567,0.74625,0.7753246753246753,800.0
54,xgboost,Cottonwood/Willow,0.918562874251497,0.95875,0.9382262996941896,800.0
54,xgboost,Aspen,0.8594847775175644,0.9175,0.8875453446191052,800.0
54,xgboost,Douglas-fir,0.7857142857142857,0.83875,0.81136638452237,800.0
54,xgboost,Krummholz,0.9262899262899262,0.9425,0.9343246592317225,800.0
