feature,f_score,p_value
mean_MFCC_2nd_coef,118.11370579862863,3.0555562371387504e-25
tqwt_kurtosisValue_dec_27,112.83325124333665,2.851641646806124e-24
tqwt_kurtosisValue_dec_26,99.45575520615614,8.847591321993314e-22
std_9th_delta_delta,99.3917229570991,9.096474372017244e-22
std_8th_delta_delta,98.34080310390912,1.4347562096141019e-21
std_7th_delta_delta,93.06106408340088,1.4317895152326106e-20
std_6th_delta_delta,91.99273560047949,2.285782942633236e-20
tqwt_stdValue_dec_12,87.73063690071427,1.4890291026292015e-19
std_8th_delta,86.83761696681776,2.2086175569608313e-19
std_9th_delta,85.54144467644888,3.9179937618279406e-19
tqwt_minValue_dec_12,84.78031091210852,5.488905649600758e-19
tqwt_maxValue_dec_12,82.15903689173128,1.758368902676744e-18
std_6th_delta,80.98706863353813,2.9638836104268654e-18
tqwt_entropy_log_dec_12,77.35725446537676,1.5027334324294052e-17
tqwt_stdValue_dec_11,77.35016499643825,1.5075197474702536e-17
std_11th_delta_delta,77.18941916022891,1.6202473749367785e-17
std_7th_delta,76.04579605826443,2.707899095105086e-17
tqwt_entropy_shannon_dec_16,74.6810751084506,5.0044257454276524e-17
std_10th_delta_delta,73.4614238749735,8.674241906042463e-17
tqwt_entropy_shannon_dec_15,72.96457972452811,1.0856259227800518e-16
tqwt_minValue_dec_13,72.7118705594731,1.2169597505877681e-16
tqwt_stdValue_dec_13,72.04059086120486,1.6486214263946823e-16
f1,71.71208541100731,1.9129154343262217e-16
tqwt_stdValue_dec_15,70.46299630062279,3.3694183552595656e-16
tqwt_maxValue_dec_13,70.22880050899369,3.7472196945180206e-16
tqwt_maxValue_dec_11,68.38820355684533,8.651261680386475e-16
numPeriodsPulses,67.55813231780135,1.262764075013541e-15
numPulses,67.46166691125798,1.319545729689152e-15
std_delta_delta_log_energy,65.85634838162989,2.7464618351788566e-15
tqwt_entropy_shannon_dec_13,65.62482105522297,3.0532310375957294e-15
tqwt_stdValue_dec_16,64.84106687898542,4.370842790995811e-15
app_det_TKEO_mean_10_coef,64.35069992614275,5.472100957952963e-15
app_det_TKEO_mean_8_coef,64.21996771511513,5.810123039297181e-15
app_det_TKEO_mean_9_coef,64.20468896904552,5.85097169641141e-15
app_entropy_shannon_10_coef,64.09327875546431,6.157679520458182e-15
app_entropy_shannon_5_coef,64.07680490385802,6.204381150944434e-15
app_entropy_shannon_6_coef,64.07561148409661,6.2077781488440825e-15
app_entropy_shannon_9_coef,64.06412459326066,6.24057051228305e-15
app_TKEO_std_10_coef,64.05673655628279,6.261753439155641e-15
app_entropy_shannon_8_coef,64.05068238498218,6.279165710111819e-15
app_entropy_shannon_7_coef,64.03601612879389,6.321548759966234e-15
app_TKEO_std_7_coef,64.03246372380865,6.33185774914401e-15
std_11th_delta,64.02817985016007,6.344311889262856e-15
app_entropy_shannon_4_coef,63.98089404193413,6.483426404126448e-15
app_det_TKEO_mean_7_coef,63.96259986770719,6.538065589223815e-15
app_TKEO_std_8_coef,63.89841477158815,6.7334489167678144e-15
app_TKEO_std_9_coef,63.86009043242534,6.852894141191956e-15
app_det_TKEO_mean_6_coef,63.769809121151106,7.142748396888366e-15
app_entropy_shannon_3_coef,63.62099214647569,7.647647400587255e-15
app_det_TKEO_mean_5_coef,63.28243747579937,8.933832176827251e-15
app_entropy_shannon_2_coef,63.22621962207449,9.167519143069455e-15
app_entropy_shannon_1_coef,62.81591682561766,1.1069551357737005e-14
tqwt_minValue_dec_11,62.413522305056176,1.3319468792264311e-14
tqwt_entropy_shannon_dec_17,61.78027947587294,1.7826160698371973e-14
app_TKEO_std_6_coef,61.72404345603148,1.829384119820131e-14
app_TKEO_std_5_coef,61.53896007948695,1.9921820536135218e-14
tqwt_energy_dec_15,61.321833836455106,2.2018023160185354e-14
std_12th_delta_delta,61.10141077796111,2.4372736804479973e-14
tqwt_stdValue_dec_14,61.04343207895883,2.5033049480418347e-14
app_det_TKEO_mean_4_coef,60.928448108462625,2.63961910018921e-14
std_10th_delta,60.61677170371912,3.047777311449854e-14
tqwt_TKEO_std_dec_12,59.6122996513644,4.846803421422979e-14
app_LT_TKEO_std_7_coef,59.307079504067104,5.5814369463653584e-14
tqwt_entropy_log_dec_16,59.030964008527974,6.341921097443334e-14
app_LT_TKEO_std_8_coef,58.84359525058536,6.916413035681122e-14
tqwt_kurtosisValue_dec_28,58.696798354477146,7.40278387861359e-14
app_LT_TKEO_mean_8_coef,58.69082151129794,7.423298155948974e-14
app_LT_TKEO_mean_9_coef,58.665345903915224,7.511379877954642e-14
app_LT_TKEO_mean_10_coef,58.50398165606832,8.094190893177209e-14
app_LT_TKEO_std_10_coef,58.486099961930314,8.161507792143479e-14
app_LT_TKEO_std_9_coef,58.249491438791416,9.107008517382057e-14
tqwt_entropy_log_dec_13,58.1832633440823,9.390838267977354e-14
tqwt_entropy_shannon_dec_12,58.15521839338597,9.51368951936816e-14
tqwt_TKEO_mean_dec_16,58.152879453588724,9.524007873031499e-14
tqwt_entropy_shannon_dec_11,57.92961468139159,1.0562496789466562e-13
app_LT_TKEO_mean_7_coef,57.91740320408154,1.0622469143272226e-13
app_LT_entropy_shannon_5_coef,57.6859803254055,1.1825913205227414e-13
app_LT_entropy_shannon_4_coef,57.64857926770365,1.2032868773014132e-13
tqwt_stdValue_dec_7,57.63760909942369,1.2094258071317487e-13
app_LT_entropy_shannon_6_coef,57.39593517482119,1.352938109258557e-13
tqwt_entropy_shannon_dec_14,57.35402917939286,1.379508508844781e-13
app_LT_TKEO_mean_6_coef,57.23023145641579,1.461101614169328e-13
app_LT_TKEO_std_5_coef,56.96788883359178,1.650379138023102e-13
app_LT_entropy_shannon_7_coef,56.93895500015371,1.6727073895566226e-13
app_LT_entropy_shannon_3_coef,56.56163901410442,1.9932252506410834e-13
app_LT_entropy_shannon_8_coef,56.463839830311564,2.08592737030494e-13
app_LT_TKEO_std_6_coef,56.45715133071336,2.0924231835636835e-13
app_LT_entropy_shannon_9_coef,56.436521411375594,2.112586979174891e-13
app_LT_entropy_shannon_10_coef,56.41677536882659,2.1320695594337645e-13
app_TKEO_std_4_coef,56.41428360491777,2.1345408594481737e-13
tqwt_TKEO_mean_dec_15,55.96094606908726,2.635566610039466e-13
tqwt_minValue_dec_14,55.90858622808741,2.7005672569593773e-13
app_LT_TKEO_mean_5_coef,55.79648067896252,2.845200897435009e-13
f2,55.555358892084634,3.183188287073303e-13
app_LT_entropy_shannon_2_coef,55.39686153178428,3.427035300785557e-13
app_LT_TKEO_std_4_coef,55.26253355354835,3.648327324339941e-13
tqwt_maxValue_dec_14,55.13103958330306,3.878842364051331e-13
tqwt_entropy_log_dec_27,54.870254869847805,4.380179163679706e-13
app_entropy_log_6_coef,54.79331348228573,4.5401652725335346e-13
tqwt_TKEO_std_dec_11,54.66477764646509,4.820628402726347e-13
app_LT_entropy_shannon_1_coef,54.64756238286219,4.859489839276492e-13
app_entropy_log_9_coef,54.642451483889914,4.871087527435133e-13
app_entropy_log_8_coef,54.63197858207251,4.894939594471471e-13
app_entropy_log_10_coef,54.592834756391596,4.985132627855294e-13
app_entropy_log_7_coef,54.572413254124235,5.032847078277495e-13
RPDE,53.948645100265416,6.733677939421396e-13
tqwt_entropy_log_dec_11,53.23957753022225,9.379026814045065e-13
tqwt_TKEO_std_dec_14,53.08242525123642,1.009432807028672e-12
std_5th_delta_delta,53.053957831673124,1.0229643684131093e-12
app_det_TKEO_mean_3_coef,52.90945418337718,1.0945126911723417e-12
tqwt_entropy_log_dec_15,52.829092419960304,1.1364547175271128e-12
tqwt_TKEO_std_dec_15,52.350980217971085,1.4215620995892502e-12
VFER_entropy,52.350449853971284,1.4219152832649665e-12
app_LT_entropy_log_9_coef,51.634982196787966,1.9884315392111446e-12
app_LT_entropy_log_8_coef,51.633419376191206,1.9898895723259083e-12
app_LT_entropy_log_10_coef,51.63124767941512,1.991917438647804e-12
app_LT_TKEO_std_3_coef,51.597383560443724,2.023808528126633e-12
std_4th_delta_delta,51.531501009956386,2.0873289083367438e-12
app_entropy_log_5_coef,51.27985007478979,2.3489404756553187e-12
tqwt_entropy_log_dec_26,51.27031021218425,2.3594811394682567e-12
DFA,51.151227102544105,2.4951233031441723e-12
std_4th_delta,50.73716216395331,3.030700125779567e-12
app_LT_TKEO_mean_4_coef,50.70390262764016,3.0784301610248243e-12
tqwt_entropy_log_dec_35,50.36039426204907,3.6177984286674184e-12
tqwt_stdValue_dec_8,50.212838572673455,3.8777216759609136e-12
std_5th_delta,49.54698166120068,5.304641159683429e-12
tqwt_energy_dec_16,49.27684964080279,6.024366823390038e-12
app_TKEO_std_3_coef,49.135818530850464,6.4382910163424626e-12
tqwt_entropy_log_dec_34,48.70098613851274,7.903136108084084e-12
tqwt_entropy_log_dec_7,48.36753971526625,9.24955133354563e-12
tqwt_kurtosisValue_dec_36,48.32995305837172,9.415094936248822e-12
std_delta_log_energy,47.850528852019785,1.1807013841783545e-11
std_12th_delta,47.47319108186861,1.4111878436429631e-11
tqwt_energy_dec_13,46.82970877731372,1.9133053313193816e-11
VFER_mean,46.825809072624466,1.916840417849718e-11
tqwt_energy_dec_14,46.12321273938074,2.6737533692641467e-11
app_LT_entropy_log_7_coef,45.98952139553932,2.848698115906553e-11
tqwt_energy_dec_12,45.9578483972187,2.8918016201656827e-11
std_MFCC_8th_coef,45.51500808879618,3.567799541581235e-11
app_entropy_log_4_coef,45.22628838617818,4.091893202993373e-11
app_LT_TKEO_std_2_coef,44.92760319546702,4.715618281984306e-11
tqwt_entropy_log_dec_17,44.83121633575058,4.936619583087411e-11
tqwt_entropy_log_dec_14,44.4677918009697,5.867630867838231e-11
app_TKEO_std_2_coef,44.351953669277606,6.199981073652166e-11
meanPeriodPulses,44.16979661374551,6.761266729179757e-11
app_LT_entropy_log_6_coef,44.03706092860291,7.202162288262717e-11
std_MFCC_6th_coef,43.903032000948436,7.676663049299898e-11
tqwt_entropy_log_dec_8,43.612593373843985,8.815448905450851e-11
minIntensity,43.18477303381578,1.0809252838420877e-10
tqwt_entropy_log_dec_28,42.966291503956384,1.199629662318256e-10
tqwt_TKEO_std_dec_13,42.812834397432084,1.2907526368224667e-10
tqwt_energy_dec_11,42.78660402572385,1.3070098715768555e-10
tqwt_maxValue_dec_15,42.28502736968057,1.6606541909665944e-10
app_LT_TKEO_mean_3_coef,42.02927938268025,1.876501860271645e-10
tqwt_minValue_dec_15,41.610285132544455,2.2927372120794222e-10
tqwt_TKEO_std_dec_16,41.33374851193378,2.6170935043269375e-10
tqwt_stdValue_dec_10,40.8411531443703,3.313322569373606e-10
tqwt_stdValue_dec_9,40.5884671378552,3.739861336478164e-10
tqwt_entropy_log_dec_6,40.55509359833115,3.800175485413943e-10
tqwt_TKEO_mean_dec_11,39.76629806777842,5.54840475730373e-10
app_det_TKEO_mean_2_coef,39.63225929505002,5.917327868418029e-10
app_entropy_log_3_coef,38.47775463554572,1.0310069084434357e-09
meanIntensity,38.11546198131963,1.2275966719897706e-09
tqwt_stdValue_dec_6,37.92738250363679,1.3440851042024408e-09
tqwt_kurtosisValue_dec_35,37.22202937444283,1.8889660376121596e-09
std_3rd_delta_delta,36.926907325661595,2.1783675942770184e-09
tqwt_minValue_dec_10,36.48173778167877,2.701406651055801e-09
tqwt_entropy_log_dec_9,36.134139408483975,3.1961654269357978e-09
meanHarmToNoiseHarmonicity,35.97903275292561,3.4453987375398125e-09
tqwt_maxValue_dec_10,35.96486308744595,3.4691185744476626e-09
std_MFCC_7th_coef,35.93156333901345,3.5255097740556018e-09
app_LT_TKEO_std_1_coef,35.536881557733196,4.268366781211263e-09
tqwt_maxValue_dec_16,34.62470206041232,6.6445715798933114e-09
app_entropy_log_2_coef,34.598559522076776,6.729478415576295e-09
tqwt_TKEO_mean_dec_14,34.52012192465871,6.990830414214389e-09
std_3rd_delta,34.224741933633986,8.069928836436491e-09
GNE_SNR_SEO,34.032998931612255,8.858508230231429e-09
tqwt_maxValue_dec_7,33.58373567964984,1.102310022815842e-08
tqwt_TKEO_mean_dec_12,33.54126364187123,1.1253421416676856e-08
tqwt_minValue_dec_7,33.456469920336566,1.172781558799586e-08
tqwt_minValue_dec_16,33.31949155158286,1.2536995976759858e-08
tqwt_kurtosisValue_dec_20,33.31293360332584,1.2577113721710128e-08
tqwt_entropy_shannon_dec_9,33.07114206912987,1.4149894462210162e-08
app_entropy_log_1_coef,33.06429611803994,1.4197193104921429e-08
tqwt_entropy_log_dec_10,33.0134036188817,1.4553825988787826e-08
tqwt_entropy_log_dec_18,32.90228728669925,1.5364083884392084e-08
mean_MFCC_3rd_coef,32.83180767120521,1.5901362693710363e-08
tqwt_entropy_shannon_dec_10,32.437527258030876,1.9274800287345033e-08
app_LT_entropy_log_5_coef,31.916144636966692,2.486581720682702e-08
tqwt_maxValue_dec_8,31.913985402741716,2.4892075834181e-08
tqwt_entropy_shannon_dec_7,31.704632194875717,2.7575009019956086e-08
tqwt_entropy_shannon_dec_8,31.413889445650476,3.178999290623295e-08
tqwt_minValue_dec_8,31.216988899993027,3.500672015789246e-08
locPctJitter,31.190623020639926,3.546160148357583e-08
std_Log_energy,30.884055734674845,4.120778904110285e-08
maxIntensity,30.83241261339216,4.226404632886214e-08
std_MFCC_11th_coef,30.353305319968534,5.3457956520723246e-08
tqwt_stdValue_dec_17,30.295351593173724,5.500013970867486e-08
app_LT_TKEO_mean_2_coef,30.16246774622092,5.870723266026634e-08
tqwt_stdValue_dec_34,29.302824619503575,8.957358252358048e-08
tqwt_meanValue_dec_36,29.187439380319894,9.480679973127992e-08
tqwt_entropy_shannon_dec_35,29.176339285210556,9.532616719127718e-08
tqwt_entropy_log_dec_5,29.136540113608188,9.721197452262855e-08
tqwt_entropy_shannon_dec_34,28.808194055500802,1.1427257988071789e-07
tqwt_kurtosisValue_dec_34,28.73259345857794,1.1860937649227042e-07
tqwt_maxValue_dec_9,28.550196775749814,1.2976615804143893e-07
locAbsJitter,28.295280524496754,1.471493603714275e-07
tqwt_minValue_dec_9,27.865110909828267,1.8195937926071925e-07
tqwt_TKEO_mean_dec_9,27.71645367749357,1.9582451783377544e-07
std_MFCC_10th_coef,27.58121790644487,2.0935888696469313e-07
tqwt_kurtosisValue_dec_18,27.53231667195238,2.144811922187676e-07
tqwt_TKEO_std_dec_10,27.455423861717648,2.227916494485786e-07
ppq5Jitter,27.324437597567773,2.3770099458379702e-07
tqwt_energy_dec_26,27.082421141601557,2.6793886720871635e-07
tqwt_kurtosisValue_dec_25,27.07016518889667,2.695691609886577e-07
std_MFCC_4th_coef,26.98821854630881,2.8072908624204545e-07
apq11Shimmer,26.98643666839721,2.8097684476980234e-07
tqwt_TKEO_std_dec_9,26.961624929937713,2.844496909732094e-07
tqwt_entropy_shannon_dec_18,26.922544985355483,2.9000737599963164e-07
tqwt_entropy_log_dec_33,26.743349096895248,3.1692330871256455e-07
mean_Log_energy,26.564792763820286,3.462428875531443e-07
tqwt_entropy_log_dec_23,26.434329169810884,3.693769111175121e-07
tqwt_stdValue_dec_35,26.337498732567372,3.8754669998491815e-07
gender,26.267234190564974,4.012919284411672e-07
det_LT_entropy_log_3_coef,26.14624193646607,4.2611969245642243e-07
app_TKEO_std_1_coef,25.15733831899783,6.96557959625034e-07
GNE_mean,24.965547842922913,7.663382972411674e-07
tqwt_TKEO_mean_dec_10,24.960665144907516,7.682037585818135e-07
std_MFCC_9th_coef,24.71999569044148,8.66045699606886e-07
tqwt_maxValue_dec_6,24.522551158676045,9.55613093586809e-07
tqwt_minValue_dec_6,23.727276300226933,1.4213304858107653e-06
tqwt_stdValue_dec_23,23.501086476537115,1.591508707781392e-06
tqwt_TKEO_mean_dec_7,23.471786825569154,1.615003804183803e-06
tqwt_entropy_log_dec_20,23.446263366266848,1.6357550936882978e-06
tqwt_TKEO_mean_dec_13,23.411000868820338,1.664866649106424e-06
tqwt_energy_dec_27,23.183769997979493,1.8653837422497272e-06
tqwt_medianValue_dec_36,22.994275603620768,2.051076738953402e-06
IMF_SNR_entropy,22.84188444858058,2.2138281883324956e-06
rapJitter,22.804196445413996,2.2560448331799754e-06
ddpJitter,22.792825258111733,2.2689408093941847e-06
GQ_std_cycle_open,22.18409628165832,3.079445775341323e-06
VFER_NSR_SEO,22.11121351472988,3.1942745550510915e-06
app_LT_entropy_log_4_coef,21.981231131232615,3.4098708257252327e-06
tqwt_TKEO_std_dec_8,21.855050823699866,3.6331688461333925e-06
tqwt_TKEO_std_dec_7,21.854043012764162,3.6350103610954074e-06
tqwt_kurtosisValue_dec_17,21.767541124195795,3.796623008250474e-06
tqwt_kurtosisValue_dec_16,21.374065413488307,4.628081809306957e-06
std_MFCC_12th_coef,21.02398899076351,5.520971111593712e-06
std_2nd_delta,20.918384298093898,5.822979862336114e-06
std_MFCC_5th_coef,20.862635594407937,5.989063774762626e-06
tqwt_entropy_log_dec_19,20.839133469851298,6.0605018564916025e-06
det_LT_entropy_log_4_coef,20.808710670236643,6.154252146319045e-06
tqwt_TKEO_mean_dec_8,20.75064457954021,6.3372605394944805e-06
tqwt_kurtosisValue_dec_29,20.597245194619788,6.847537365807955e-06
app_det_TKEO_mean_1_coef,20.32100318424523,7.873115243859163e-06
std_delta_delta_0th,20.06696000836526,8.952430232094117e-06
det_LT_entropy_log_5_coef,19.526043968619238,1.1773678632979368e-05
mean_MFCC_0th_coef,19.411237612984124,1.2479403630036941e-05
tqwt_entropy_shannon_dec_6,19.379009188420707,1.2685069505829885e-05
tqwt_TKEO_mean_dec_23,19.346356981875545,1.2896922677496764e-05
tqwt_stdValue_dec_33,19.073431080464363,1.4813107064446102e-05
tqwt_entropy_shannon_dec_19,18.96335032058825,1.5664935023813148e-05
app_LT_TKEO_mean_1_coef,18.925094473992022,1.5972384822085658e-05
tqwt_TKEO_mean_dec_34,18.825327973920633,1.6803089922044415e-05
tqwt_energy_dec_8,18.68255166757984,1.8068248080894627e-05
tqwt_energy_dec_21,18.55968786876493,1.923357835230427e-05
VFER_SNR_TKEO,18.422979069583633,2.0619509990053894e-05
tqwt_energy_dec_7,18.381165584529036,2.106318811806267e-05
std_2nd_delta_delta,17.922035544150543,2.6616367177398638e-05
tqwt_kurtosisValue_dec_19,17.781085544015745,2.86012497519994e-05
tqwt_energy_dec_10,17.39345897867987,3.4864392530613127e-05
tqwt_energy_dec_25,17.31927187035461,3.621236701192616e-05
tqwt_entropy_log_dec_4,17.244077380596362,3.7632298265903195e-05
std_MFCC_0th_coef,17.15640230537584,3.9358978110236344e-05
tqwt_energy_dec_9,16.763670145787767,4.812904201978639e-05
app_LT_entropy_log_3_coef,16.620955168723807,5.1783518758839144e-05
tqwt_entropy_log_dec_36,16.510114305370955,5.48139504867222e-05
tqwt_TKEO_mean_dec_35,16.482028288922667,5.5609844770248805e-05
det_LT_entropy_log_2_coef,16.305130845089728,6.0897813009105835e-05
app_LT_entropy_log_1_coef,16.26406210330434,6.219636477127413e-05
locDbShimmer,16.120000935236536,6.697639168158333e-05
tqwt_stdValue_dec_5,16.116388276724845,6.710091211269813e-05
std_0th_delta,15.953941932647265,7.294832962917517e-05
tqwt_maxValue_dec_1,15.908992706513072,7.465533975667377e-05
mean_MFCC_5th_coef,15.875372094544844,7.595843343500382e-05
tqwt_stdValue_dec_27,15.847075892400273,7.707293422542407e-05
det_LT_entropy_log_6_coef,15.773000789117207,8.006931512200233e-05
tqwt_stdValue_dec_18,15.649528191793458,8.532754583880245e-05
app_LT_entropy_log_2_coef,15.260835265504275,0.00010426885528873632
tqwt_maxValue_dec_5,15.237586514701102,0.00010552793979544593
tqwt_energy_dec_6,15.179630501289873,0.00010873391261283421
det_LT_entropy_log_1_coef,14.810687820780077,0.00013158148879901613
tqwt_minValue_dec_34,14.661107100466348,0.00014217422393215498
tqwt_minValue_dec_33,14.562032646867467,0.0001496605562774442
tqwt_entropy_shannon_dec_20,14.526385267733517,0.00015245053063366975
tqwt_entropy_log_dec_29,14.397836855932864,0.00016295517431508293
IMF_SNR_SEO,14.306181015685777,0.00017088897072059262
locShimmer,14.085967062824524,0.00019158420282080335
GQ_std_cycle_closed,13.986653370889822,0.00020172916208488706
tqwt_energy_dec_28,13.915058515731879,0.00020937789098326006
tqwt_minValue_dec_5,13.90435433959183,0.00021054637945490252
tqwt_energy_dec_35,13.838896208729935,0.00021783670722530916
mean_delta_log_energy,13.633151173269045,0.00024245575028970662
GNE_SNR_TKEO,13.588212124631383,0.0002481970263035178
mean_MFCC_9th_coef,13.368899403380729,0.0002782512990851414
GQ_prc5_95,13.288143544667024,0.0002902230445448165
tqwt_meanValue_dec_7,13.188729887798917,0.00030567878536144144
tqwt_maxValue_dec_34,13.11258369004228,0.00031807812415145736
tqwt_maxValue_dec_27,13.080499664448823,0.0003234537514461703
tqwt_maxValue_dec_17,12.918859102062099,0.00035196734697966154
tqwt_kurtosisValue_dec_23,12.715601777888498,0.0003914626346959422
tqwt_minValue_dec_27,12.678273132808126,0.0003991895230162788
tqwt_energy_dec_33,12.631599066098639,0.00040906842245495346
tqwt_minValue_dec_17,12.541523454235406,0.00042883873064712106
std_1st_delta,12.4482734850176,0.0004503256962565202
tqwt_energy_dec_34,12.285533454396218,0.0004904700735815392
tqwt_entropy_log_dec_3,12.22539875717984,0.0005062046359852524
tqwt_stdValue_dec_26,12.2037609258036,0.0005119905006408737
tqwt_maxValue_dec_33,12.104587677512207,0.0005393779729456158
tqwt_stdValue_dec_28,12.059932711073643,0.0005521897049498401
tqwt_TKEO_std_dec_34,11.653824184258351,0.000683828966007385
tqwt_TKEO_mean_dec_6,11.464365570599485,0.000755714386845113
apq5Shimmer,11.365760830373809,0.0007961114890100938
meanAutoCorrHarmonicity,11.33207701753069,0.0008104073355658427
tqwt_minValue_dec_1,11.297016288690845,0.0008255641052790952
tqwt_entropy_shannon_dec_36,11.295239130368879,0.0008263399797247622
tqwt_meanValue_dec_5,11.232657156738021,0.0008541387204201119
GNE_NSR_SEO,11.191274509978816,0.0008730397729791339
tqwt_maxValue_dec_28,11.019413819550534,0.0009561845662184761
std_1st_delta_delta,10.902941498976059,0.001017057796584671
tqwt_entropy_log_dec_22,10.868822846914135,0.001035623499814205
tqwt_kurtosisValue_dec_22,10.823187581574404,0.0010609947272309463
tqwt_medianValue_dec_10,10.777635936201486,0.0010869485431051226
tqwt_maxValue_dec_23,10.758009474150263,0.0010983287409478202
tqwt_stdValue_dec_36,10.576398955981785,0.0012095438480818487
tqwt_kurtosisValue_dec_33,10.554030330480135,0.0012240106653427145
tqwt_minValue_dec_26,10.484131346454415,0.0012703596139506806
tqwt_minValue_dec_35,10.385691958335883,0.001338672426101941
tqwt_minValue_dec_28,10.238567937946558,0.0014477924860927583
IMF_NSR_SEO,10.231490139444398,0.0014532641655085297
IMF_NSR_TKEO,10.065924163321307,0.0015874304856200237
tqwt_kurtosisValue_dec_21,10.030546841054662,0.001617693245631868
tqwt_minValue_dec_23,9.964822756060968,0.0016754808692874363
tqwt_maxValue_dec_26,9.898910780445894,0.0017355417309598727
tqwt_TKEO_std_dec_6,9.812185186575414,0.0018179172335137008
tqwt_maxValue_dec_2,9.766727709187625,0.0018626712281357277
mean_MFCC_7th_coef,9.539226003460614,0.00210407558387994
mean_0th_delta,9.524294619695995,0.0021209906458652854
det_entropy_log_3_coef,9.244033519797275,0.0024654702116219747
tqwt_stdValue_dec_19,9.241860820967128,0.0024683522940463316
tqwt_maxValue_dec_35,9.20528028055733,0.0025173946004266303
meanNoiseToHarmHarmonicity,9.147365612232942,0.0025970761100168197
tqwt_minValue_dec_2,9.089361245593858,0.0026794564052675727
tqwt_entropy_shannon_dec_5,8.9133859738288,0.002946044544052614
det_LT_entropy_log_7_coef,8.846837448910986,0.003053768843972877
tqwt_stdValue_dec_32,8.787349708938223,0.0031534590196574297
tqwt_entropy_log_dec_25,8.59656916921576,0.0034961281251031174
std_MFCC_1st_coef,8.563058962640529,0.0035601290550187677
tqwt_TKEO_mean_dec_17,8.459502775457137,0.0037655660641173878
tqwt_entropy_log_dec_2,8.291147093785492,0.004125721070421203
ddaShimmer,8.272109392494052,0.004168601706508256
apq3Shimmer,8.271323563648306,0.004170381457586213
tqwt_energy_dec_32,8.147134071953841,0.0044616266761391
tqwt_kurtosisValue_dec_15,8.078950031234795,0.004630280268330473
tqwt_energy_dec_5,7.972267713929316,0.004907333064031988
tqwt_TKEO_mean_dec_27,7.899693461598335,0.005105438175709975
std_MFCC_3rd_coef,7.8262323786180366,0.005314297745993478
tqwt_TKEO_std_dec_27,7.716918136874019,0.005641392036328528
tqwt_energy_dec_22,7.534151529370631,0.006235002533261098
tqwt_energy_dec_17,7.523269748817572,0.006272300296938865
det_LT_entropy_log_8_coef,7.495486144547211,0.006368569337296417
IMF_NSR_entropy,7.254025646168465,0.007271668573647343
tqwt_TKEO_std_dec_33,7.206344507077086,0.007464986500005891
tqwt_stdValue_dec_24,7.158322327005153,0.007665016139588813
tqwt_TKEO_mean_dec_24,7.0885698923235845,0.00796539732487585
tqwt_TKEO_mean_dec_5,7.053140742832847,0.0081225663921681
mean_2nd_delta,6.882235450154427,0.008926652142713936
tqwt_TKEO_mean_dec_33,6.821558036781309,0.009231412706798935
PPE,6.780679415466033,0.009442738082573576
tqwt_TKEO_std_dec_5,6.760724051005808,0.00954769783199386
tqwt_TKEO_mean_dec_18,6.721562696199559,0.009757174436182374
tqwt_entropy_log_dec_24,6.581775068606447,0.010544229437709449
tqwt_entropy_log_dec_32,6.532410999925272,0.010837521277182679
tqwt_TKEO_std_dec_17,6.323102102213086,0.012177474582965097
tqwt_entropy_log_dec_21,6.2747829789323974,0.012510352699009587
tqwt_TKEO_std_dec_26,6.255928253061775,0.012642776159983563
tqwt_TKEO_mean_dec_31,6.203422568351972,0.013019208659417794
GNE_NSR_TKEO,6.182915703128853,0.013169350212625903
det_entropy_log_5_coef,6.011285074202345,0.014498146552383325
tqwt_minValue_dec_4,5.972880619534121,0.01481397886245681
tqwt_skewnessValue_dec_28,5.96579119715896,0.01487305356897842
det_entropy_log_4_coef,5.921348788304552,0.015248968157120771
tqwt_TKEO_std_dec_35,5.87707197861473,0.015633249286687006
tqwt_meanValue_dec_34,5.732800789996946,0.01695630844459711
det_LT_entropy_shannon_3_coef,5.72093952894409,0.017070112216686587
det_LT_entropy_log_10_coef,5.615077889066039,0.0181214980622535
tqwt_TKEO_std_dec_1,5.520243923495064,0.0191202939294248
tqwt_maxValue_dec_32,5.434408302293014,0.020073511124639006
tqwt_minValue_dec_32,5.423446210247142,0.020198747353506564
mean_MFCC_6th_coef,5.406653627513499,0.02039216777823682
tqwt_maxValue_dec_29,5.233013331267896,0.022508642313710418
tqwt_maxValue_dec_4,5.214553288833853,0.022746689878739748
det_LT_entropy_shannon_2_coef,5.062951282195526,0.024803476507910177
tqwt_minValue_dec_24,5.04398568403403,0.02507407565767526
tqwt_entropy_shannon_dec_23,5.0422185200790866,0.025099445408521378
stdDevPeriodPulses,4.87043560971885,0.027697862103810204
tqwt_skewnessValue_dec_24,4.7631399238063645,0.02946185299858451
tqwt_stdValue_dec_20,4.731771190180171,0.029999438710552242
mean_1st_delta,4.6979422084300415,0.030590690074074882
tqwt_TKEO_mean_dec_32,4.6893604857900435,0.030742606791278604
tqwt_stdValue_dec_22,4.668387997813453,0.03111719803922844
tqwt_minValue_dec_29,4.565064894710529,0.03303363726627256
tqwt_maxValue_dec_36,4.5438918011235,0.03344138763749029
tqwt_maxValue_dec_24,4.523805416151847,0.03383308514034478
tqwt_kurtosisValue_dec_5,4.48896477564192,0.034523943899547785
tqwt_energy_dec_20,4.462940633385556,0.03504961893700696
mean_MFCC_4th_coef,4.441801533600204,0.03548279477853535
tqwt_TKEO_std_dec_24,4.433558478306038,0.03565322746426241
det_LT_entropy_log_9_coef,4.41617998097924,0.03601536406055785
tqwt_stdValue_dec_4,4.398609693200474,0.03638542348352726
tqwt_TKEO_std_dec_32,4.386056109641884,0.03665226590003352
tqwt_energy_dec_36,4.344285271639783,0.03755505052523537
tqwt_meanValue_dec_16,4.316097678472237,0.03817744077821993
tqwt_stdValue_dec_31,4.281700886378053,0.03895164995454859
mean_MFCC_12th_coef,4.247768337243561,0.0397316018730353
tqwt_entropy_shannon_dec_22,4.211479909926862,0.04058391486122792
tqwt_kurtosisValue_dec_13,4.177416712053867,0.04140148781107792
tqwt_skewnessValue_dec_29,4.080273330874899,0.043829833287528534
tqwt_energy_dec_31,4.07701084466395,0.04391394908191967
VFER_std,4.069947167332638,0.04409665411868422
tqwt_TKEO_mean_dec_26,4.055894444228719,0.04446252335116061
tqwt_minValue_dec_3,4.045455327981183,0.04473638403430896
det_entropy_log_6_coef,4.03317119052078,0.04506092953638737
tqwt_medianValue_dec_25,3.939697047665446,0.0476134814940008
tqwt_energy_dec_29,3.9288078123721784,0.04792063238096936
det_entropy_log_2_coef,3.910151233374756,0.04845175824726505
tqwt_TKEO_std_dec_28,3.873045948955497,0.04952669895906439
tqwt_TKEO_std_dec_23,3.8022109599900937,0.051649559412891705
tqwt_minValue_dec_18,3.7811476195596625,0.0522992586198655
tqwt_maxValue_dec_18,3.749881273917913,0.05327970890242867
Ed2_3_coef,3.6958859543020672,0.05501914112085626
tqwt_kurtosisValue_dec_8,3.611919305352425,0.057845095465174474
tqwt_meanValue_dec_33,3.535878717226329,0.06053786425685169
tqwt_skewnessValue_dec_27,3.5214396148439064,0.06106412052633495
tqwt_medianValue_dec_2,3.4889684049382517,0.062265506905608045
tqwt_stdValue_dec_29,3.477186612208569,0.06270763498121727
tqwt_maxValue_dec_3,3.468648504023865,0.06303013468701814
tqwt_minValue_dec_36,3.4526346449932768,0.06363979640850638
mean_MFCC_8th_coef,3.423060879097206,0.06478233065606742
b4,3.3705855539152596,0.06686400615472869
tqwt_TKEO_std_dec_31,3.323984791833669,0.0687727654744212
det_entropy_log_1_coef,3.314123187616948,0.06918413691585293
tqwt_TKEO_mean_dec_28,3.2603044790015847,0.07147618898718297
det_LT_TKEO_mean_3_coef,3.2466807397196877,0.07206924882786953
tqwt_TKEO_mean_dec_36,3.238900232897316,0.07241031588078396
tqwt_kurtosisValue_dec_6,3.2059348787217075,0.07387476599245947
tqwt_meanValue_dec_11,3.130438395166895,0.07735014880570701
det_LT_entropy_shannon_1_coef,3.1242120970101164,0.0776445345778585
det_LT_entropy_shannon_4_coef,3.115869663041863,0.07804086969523817
tqwt_entropy_shannon_dec_27,3.067859818350981,0.08036460571872894
tqwt_skewnessValue_dec_6,3.037192706941096,0.08188799481289147
tqwt_kurtosisValue_dec_30,3.0181242501992935,0.0828509506829462
Ed_3_coef,2.9950051567348654,0.08403493655036341
b3,2.992730203091611,0.08415242913831454
det_LT_TKEO_std_3_coef,2.747492840709433,0.09792890781834342
tqwt_medianValue_dec_9,2.7071017196824316,0.10042520480047222
tqwt_TKEO_std_dec_21,2.645995344380916,0.10433528089871484
Ed2_2_coef,2.63824829423249,0.1048428151890742
tqwt_medianValue_dec_31,2.6335046236483644,0.10515492652930877
det_LT_TKEO_std_1_coef,2.6289955241373946,0.10545255068452672
det_LT_TKEO_mean_1_coef,2.62331949222389,0.10582851517936466
tqwt_kurtosisValue_dec_24,2.6126974334557245,0.10653605543810607
tqwt_kurtosisValue_dec_7,2.5781057916483237,0.10887652862257621
tqwt_skewnessValue_dec_11,2.5629887314398783,0.10991707766699134
tqwt_kurtosisValue_dec_4,2.5503406345864894,0.11079610499015079
det_LT_TKEO_std_2_coef,2.5421888748307895,0.1113667489660125
b1,2.5348632134479656,0.11188233089782756
Ea,2.5080216888775557,0.11379408216002737
tqwt_TKEO_std_dec_2,2.4883971722576934,0.11521465087310642
Ed_10_coef,2.4867984785387374,0.11533123717375511
Ed2_1_coef,2.479536462927562,0.11586247219957999
tqwt_TKEO_mean_dec_19,2.4735823697816044,0.1163000497180155
det_TKEO_mean_9_coef,2.466244707713245,0.11684182649675365
det_LT_TKEO_mean_2_coef,2.4657187123003674,0.11688077060274729
mean_MFCC_11th_coef,2.451180996177465,0.11796283716163897
Ea2,2.433088225936985,0.11932504777936156
tqwt_kurtosisValue_dec_12,2.4282095638417713,0.11969534341061798
tqwt_medianValue_dec_22,2.4173091451016,0.12052731242378743
det_LT_entropy_shannon_6_coef,2.3470639126629504,0.12604541057919597
det_entropy_shannon_10_coef,2.31829595965346,0.1283859937568751
Ed2_10_coef,2.276513391799492,0.1318723561996735
det_TKEO_std_9_coef,2.2561084094497645,0.1336133435646923
tqwt_minValue_dec_19,2.241852951968583,0.13484491735901763
det_entropy_shannon_9_coef,2.2395018597447076,0.13504925540462992
det_TKEO_mean_10_coef,2.22677251940754,0.13616163542538967
tqwt_energy_dec_3,2.2163636816996433,0.13707887733437446
tqwt_energy_dec_18,2.2041125570771443,0.13816736544223077
det_LT_TKEO_mean_10_coef,2.188732096274559,0.13954766630985677
tqwt_meanValue_dec_22,2.1835252153189684,0.14001845992072343
std_MFCC_2nd_coef,2.1778058638792515,0.14053765080900585
tqwt_kurtosisValue_dec_14,2.1641955560949575,0.14178190507106994
det_TKEO_std_5_coef,2.159055886747071,0.14225499759531654
tqwt_meanValue_dec_9,2.14511200033144,0.1435474820924671
det_TKEO_std_10_coef,2.141560701587117,0.14387877103185728
tqwt_skewnessValue_dec_10,2.124151051873564,0.1455153957050024
det_LT_TKEO_std_10_coef,2.1197759389427544,0.14592998456284617
tqwt_medianValue_dec_12,2.1097117108887677,0.14688875513601812
det_entropy_shannon_5_coef,2.103831208268712,0.14745225789322827
tqwt_skewnessValue_dec_9,2.0898036093687242,0.14880636439568629
tqwt_skewnessValue_dec_33,2.0357558053697797,0.15415708598190567
tqwt_TKEO_mean_dec_21,2.0235691732909173,0.15539353966005573
tqwt_skewnessValue_dec_35,2.0036109874216135,0.1574429497106266
tqwt_entropy_shannon_dec_31,1.988985665217502,0.1589643111085172
tqwt_meanValue_dec_10,1.978769297196014,0.16003699100978794
tqwt_meanValue_dec_23,1.9740984322571897,0.16053016470555284
det_TKEO_std_4_coef,1.9598512865952424,0.16204520845373574
tqwt_medianValue_dec_33,1.9485857182172848,0.16325476981542067
tqwt_kurtosisValue_dec_3,1.885700034007751,0.17019979471930494
tqwt_medianValue_dec_29,1.8797731712862265,0.17087167012570703
tqwt_skewnessValue_dec_31,1.876522008917684,0.17124152144590296
det_TKEO_mean_3_coef,1.8754273388478215,0.1713662581210312
det_LT_TKEO_mean_9_coef,1.866285277248933,0.17241208367952346
det_LT_TKEO_std_5_coef,1.85667584010432,0.17351931187644073
det_LT_entropy_shannon_10_coef,1.8434444049566447,0.17505732478378463
tqwt_maxValue_dec_19,1.8323471350742253,0.17635940797134753
det_entropy_shannon_3_coef,1.828093292509244,0.17686149126161382
det_TKEO_mean_4_coef,1.8155265902529787,0.17835442827409334
Ed2_7_coef,1.8013014976788653,0.18006201759900917
tqwt_TKEO_std_dec_29,1.7632408357794047,0.18472488859409084
tqwt_meanValue_dec_25,1.7296134500835731,0.18896181865190192
tqwt_medianValue_dec_5,1.7281512956933236,0.18914859982497984
det_LT_TKEO_std_9_coef,1.6825512371774534,0.19508351901400173
det_TKEO_std_3_coef,1.6731623472709378,0.19633241937880117
tqwt_meanValue_dec_19,1.653797228727134,0.198938123593844
det_TKEO_std_2_coef,1.6033782380917445,0.20591568930421067
tqwt_maxValue_dec_31,1.5841353460146748,0.208654724315774
tqwt_skewnessValue_dec_32,1.5798054155977805,0.20927698367090225
Ed_2_coef,1.579372492504925,0.20933932050339682
tqwt_minValue_dec_31,1.575380185212263,0.2099152145289083
Ed_8_coef,1.574189234623607,0.21008737419814077
det_TKEO_mean_5_coef,1.5493496190556721,0.21371663374130595
Ed2_5_coef,1.5302299332241127,0.21656106999115285
tqwt_medianValue_dec_32,1.518081133628978,0.2183919224176247
Ed_7_coef,1.4961839919185855,0.22173884103817104
Ed_1_coef,1.4822761750083648,0.22389654120460087
det_entropy_log_7_coef,1.4769436676259742,0.22473052081930506
det_entropy_shannon_4_coef,1.4762580879142801,0.22483801288258173
tqwt_kurtosisValue_dec_32,1.4740003768200007,0.2251924365581043
tqwt_entropy_log_dec_31,1.4649114076303185,0.22662606974796037
mean_11th_delta_delta,1.4579030381881222,0.227739028036866
det_LT_TKEO_mean_7_coef,1.4372691181797246,0.23105424943119
tqwt_stdValue_dec_2,1.428929387351202,0.23241070081746654
tqwt_meanValue_dec_13,1.425045187798916,0.23304574964198274
tqwt_TKEO_std_dec_20,1.4069338384572445,0.23603476692678754
tqwt_maxValue_dec_25,1.4031181209736816,0.2366704127664338
tqwt_energy_dec_2,1.3871639112074763,0.23935079545361818
tqwt_entropy_shannon_dec_32,1.384523148087937,0.2397980101525687
mean_8th_delta_delta,1.3840730126164504,0.23987434228665896
tqwt_energy_dec_1,1.3776096306746872,0.24097364630127246
det_TKEO_mean_2_coef,1.375738510268781,0.24129303510772734
tqwt_medianValue_dec_35,1.37332955336181,0.2417049896172358
tqwt_skewnessValue_dec_36,1.367589607566742,0.24269003754467955
tqwt_energy_dec_24,1.3651123764347919,0.2431166752239324
tqwt_kurtosisValue_dec_9,1.3465744916515416,0.24633860312786457
tqwt_TKEO_std_dec_19,1.3344320979824331,0.24847733484410547
Ed_5_coef,1.3277302437505758,0.2496675393086614
tqwt_medianValue_dec_17,1.2870108112285956,0.25705182537914145
Ed2_9_coef,1.2869256923142929,0.25706754146011235
det_LT_TKEO_std_4_coef,1.2760711718502755,0.2590814661956255
tqwt_skewnessValue_dec_17,1.2733720162479638,0.25958529220359405
tqwt_meanValue_dec_17,1.2727613091774992,0.2596994555708088
det_TKEO_std_1_coef,1.2460651239294953,0.26475144481032226
tqwt_minValue_dec_25,1.2441618774655196,0.2651162637381313
mean_MFCC_1st_coef,1.2404135374862815,0.26583658836556284
det_entropy_shannon_2_coef,1.233206230884788,0.26722850015657434
det_TKEO_mean_1_coef,1.2018946132562547,0.27338242812503327
tqwt_minValue_dec_22,1.181396079751095,0.27750768856905117
tqwt_stdValue_dec_25,1.1692279999213935,0.27999360975184684
det_LT_TKEO_std_7_coef,1.169040120166637,0.28003221333416256
tqwt_TKEO_std_dec_25,1.1617485314403417,0.28153562711471364
tqwt_stdValue_dec_3,1.161285807801145,0.2816313778651451
tqwt_kurtosisValue_dec_2,1.1314869465197808,0.2878855876922917
Ed2_8_coef,1.1293086972480173,0.2883496552254058
tqwt_medianValue_dec_6,1.1279561276658328,0.28863829476636454
det_entropy_shannon_8_coef,1.1268118354182393,0.288882775430898
tqwt_maxValue_dec_22,1.1167276080064898,0.29104876061897583
tqwt_meanValue_dec_2,1.115747154478851,0.2912604563888154
det_TKEO_mean_7_coef,1.101230437051423,0.2944180298841285
Ed_4_coef,1.0979965366709963,0.2951274107501424
det_entropy_shannon_7_coef,1.0959559134535277,0.2955761659641759
tqwt_meanValue_dec_12,1.0921205958710578,0.29642196754975725
tqwt_TKEO_mean_dec_29,1.0897256659923655,0.29695169839897106
det_LT_TKEO_mean_4_coef,1.0890406308263392,0.29710344406747763
tqwt_TKEO_mean_dec_22,1.0861914403135557,0.2977356539861766
tqwt_skewnessValue_dec_7,1.0662266116254837,0.3022146552599058
tqwt_meanValue_dec_15,1.058362066482008,0.3040029042916548
tqwt_medianValue_dec_28,1.0495087483933268,0.306032414647606
tqwt_entropy_shannon_dec_30,1.0457113498109685,0.3069083062398683
tqwt_entropy_log_dec_1,1.0357236041852786,0.3092276431813634
tqwt_medianValue_dec_13,1.0307913596357068,0.3103814178483489
mean_5th_delta_delta,1.0298734383315424,0.31059676145261117
det_TKEO_std_8_coef,1.018866396937217,0.31319425956417246
tqwt_skewnessValue_dec_21,1.0104413723179932,0.31520165860138605
tqwt_skewnessValue_dec_34,0.9926326363468224,0.3195007437845166
tqwt_skewnessValue_dec_13,0.9765568832773368,0.32344801162210224
tqwt_entropy_shannon_dec_4,0.9696523138661144,0.32516315404193286
det_entropy_log_8_coef,0.962396146589207,0.32697864605264215
mean_9th_delta_delta,0.9487422309098767,0.3304315264038259
tqwt_TKEO_std_dec_18,0.9402167337961616,0.33261216592251724
tqwt_entropy_shannon_dec_21,0.9367639185727533,0.333500789319837
b2,0.9344426436591865,0.33409998241891364
det_entropy_shannon_1_coef,0.9078430127479807,0.34107041864716425
tqwt_medianValue_dec_15,0.8961116214708056,0.34420691449536284
det_TKEO_mean_8_coef,0.8515007251957392,0.3564984335119555
Ed_9_coef,0.8429239479607743,0.35893015454488675
det_LT_entropy_shannon_9_coef,0.834477594453236,0.36134728557725665
tqwt_kurtosisValue_dec_11,0.831978723973008,0.3620667058519918
det_TKEO_std_7_coef,0.8217702337448914,0.36502639538917914
Ed2_4_coef,0.8186976733974088,0.3659237725936117
det_LT_TKEO_mean_5_coef,0.8072271835648924,0.36930110735114735
tqwt_TKEO_mean_dec_2,0.8051486934785624,0.3699177365891451
tqwt_meanValue_dec_24,0.8041818588319212,0.37020505900120454
det_LT_TKEO_std_8_coef,0.7888203051011802,0.3748123864067104
mean_3rd_delta,0.7738224047315929,0.37938874399192274
tqwt_medianValue_dec_34,0.7592483951920546,0.38391176872253097
tqwt_medianValue_dec_7,0.7591965400834267,0.38392799815276424
tqwt_medianValue_dec_30,0.7028630067392063,0.4021566534686336
tqwt_medianValue_dec_21,0.6882162466642724,0.40710114324256536
det_LT_TKEO_mean_8_coef,0.6411930970980527,0.42359551683192714
tqwt_skewnessValue_dec_1,0.6262976862417142,0.4290288176567568
VFER_NSR_TKEO,0.6243103334397654,0.42976167716071995
tqwt_TKEO_mean_dec_1,0.599421189156066,0.43910340924868696
det_entropy_log_10_coef,0.5911509222666692,0.4422764403324293
tqwt_meanValue_dec_8,0.5859655340062472,0.44428397825346433
tqwt_entropy_shannon_dec_33,0.574708982669672,0.44869089441562915
mean_12th_delta,0.5434211030805821,0.46130604086730814
tqwt_skewnessValue_dec_4,0.542747254593499,0.4615838752628514
tqwt_skewnessValue_dec_25,0.5424581080983356,0.4617031748395844
tqwt_meanValue_dec_29,0.5241968684404054,0.4693386123165111
tqwt_entropy_shannon_dec_29,0.49656723943856657,0.4812853194652944
tqwt_meanValue_dec_1,0.4883457605557178,0.484936481551792
mean_1st_delta_delta,0.48799247413992713,0.48509440017595445
tqwt_skewnessValue_dec_2,0.4782768491898657,0.48947093145825415
det_TKEO_std_6_coef,0.4712771170253265,0.4926649896740279
tqwt_TKEO_mean_dec_30,0.46176333651393275,0.4970626566391136
tqwt_kurtosisValue_dec_31,0.46102777707114073,0.4974054177596475
tqwt_skewnessValue_dec_19,0.4549707944045087,0.5002431785584507
det_LT_entropy_shannon_8_coef,0.4465435056062732,0.5042375245766807
mean_7th_delta,0.44327066120222947,0.5058035031551839
mean_10th_delta,0.4386646164443217,0.5080215829005976
det_LT_entropy_shannon_7_coef,0.4243312221572159,0.5150327209434782
tqwt_medianValue_dec_1,0.3924622665598272,0.5312458309863907
Ed_6_coef,0.3708348403571623,0.5427796674081817
mean_6th_delta,0.3693224974277966,0.5436033548710298
tqwt_entropy_shannon_dec_25,0.35923684287477137,0.5491562502165837
tqwt_meanValue_dec_32,0.34869267190275943,0.555076084306042
tqwt_kurtosisValue_dec_10,0.3460999254774136,0.5565502217851702
tqwt_medianValue_dec_4,0.34504499948210354,0.5571521415969324
tqwt_medianValue_dec_27,0.34231268098582757,0.5587169230988013
tqwt_medianValue_dec_8,0.33699202599615385,0.5617882425224661
tqwt_minValue_dec_21,0.3308241971868955,0.5653894353120449
tqwt_minValue_dec_30,0.3293958941313113,0.5662297436630397
tqwt_TKEO_std_dec_30,0.32817199639997335,0.5669517245657644
tqwt_TKEO_std_dec_36,0.32748697756748885,0.5673566002672754
tqwt_entropy_shannon_dec_2,0.3217013419365395,0.5707987724540518
mean_9th_delta,0.3209577987925295,0.571244107708417
f4,0.3185314795362643,0.5727020757206699
mean_5th_delta,0.31211684336313705,0.5765921875459196
tqwt_maxValue_dec_30,0.3117915087530009,0.5767908790043877
det_entropy_log_9_coef,0.3079066380318231,0.5791740547409211
tqwt_energy_dec_30,0.2920535262416568,0.589107786208068
mean_7th_delta_delta,0.2872798292337041,0.5921672808273383
tqwt_TKEO_mean_dec_20,0.2844498077197917,0.5939965480550912
tqwt_entropy_log_dec_30,0.2748059133732715,0.6003192674759892
mean_11th_delta,0.2588106836371673,0.6111251107493362
tqwt_meanValue_dec_27,0.25196137231658433,0.6158812279173194
tqwt_TKEO_mean_dec_3,0.245193398601986,0.6206610604081669
tqwt_entropy_shannon_dec_28,0.24401680586552704,0.6215003857041523
det_TKEO_mean_6_coef,0.24113002788888396,0.6235703950930744
tqwt_medianValue_dec_14,0.23398712376460185,0.6287592617700329
tqwt_entropy_shannon_dec_26,0.22477611318137103,0.6355968046990441
tqwt_maxValue_dec_21,0.22056128683024137,0.6387829222928465
tqwt_medianValue_dec_3,0.215507134731111,0.642652897324467
IMF_SNR_TKEO,0.21230067852876958,0.6451367809573557
mean_delta_delta_log_energy,0.19110706822437876,0.662153839935053
tqwt_skewnessValue_dec_16,0.19045413425216154,0.6626956435818997
tqwt_meanValue_dec_28,0.18960537249118883,0.6634016004358861
tqwt_meanValue_dec_20,0.18853355965641544,0.6642957710714024
tqwt_stdValue_dec_30,0.1885161363326611,0.6643103315879314
mean_10th_delta_delta,0.1768346595388274,0.674258030126056
tqwt_kurtosisValue_dec_1,0.16942736434924777,0.6807679785152669
det_entropy_shannon_6_coef,0.1625085509482898,0.6870007450373649
tqwt_TKEO_std_dec_22,0.15733252145650442,0.6917651693938573
tqwt_medianValue_dec_24,0.156362207260699,0.6926683873640505
tqwt_TKEO_mean_dec_25,0.15264152105284715,0.6961621482763198
det_LT_entropy_shannon_5_coef,0.14090328140497915,0.7075171138865376
tqwt_energy_dec_19,0.13275658127856052,0.7157190261321792
tqwt_skewnessValue_dec_8,0.11768863523559173,0.7316749587831508
tqwt_medianValue_dec_18,0.1160010879649738,0.7335317852894611
tqwt_skewnessValue_dec_20,0.11106617206235438,0.7390497942696803
tqwt_meanValue_dec_4,0.10685061888807394,0.7438723613304743
VFER_SNR_SEO,0.10435355606785346,0.7467788152420805
f3,0.10327858721506471,0.7480418509360253
tqwt_medianValue_dec_19,0.10323121493568417,0.7480976775726241
tqwt_medianValue_dec_20,0.09149498872084269,0.7623897765513747
mean_12th_delta_delta,0.08973353818004008,0.7646197471826558
tqwt_meanValue_dec_14,0.08718733536308282,0.7678857783030928
mean_MFCC_10th_coef,0.08148937720118779,0.7753874609047323
tqwt_stdValue_dec_1,0.07930303206912576,0.7783410852776715
tqwt_skewnessValue_dec_30,0.07793884083112794,0.7802063490796801
tqwt_medianValue_dec_26,0.07717172006066152,0.7812629744091172
GNE_std,0.07195005531569072,0.7886104181277582
tqwt_skewnessValue_dec_12,0.07090267472895669,0.7901183190157067
tqwt_TKEO_std_dec_3,0.0679274711893412,0.7944679041246616
mean_delta_delta_0th,0.05911496396636223,0.807983243145304
mean_8th_delta,0.058598547306979144,0.8088074407761885
tqwt_entropy_shannon_dec_1,0.05677680389398592,0.8117460525233477
tqwt_energy_dec_23,0.05030408476960628,0.8226112123088283
mean_4th_delta,0.04761500833662504,0.82734062816096
tqwt_skewnessValue_dec_23,0.04517568954506454,0.8317533694859958
tqwt_skewnessValue_dec_15,0.04199299730164747,0.837702503317633
mean_3rd_delta_delta,0.04144721996708686,0.8387460224473885
tqwt_entropy_shannon_dec_3,0.037713991617446034,0.846084196431801
tqwt_meanValue_dec_3,0.034979158126705746,0.851702457037548
mean_2nd_delta_delta,0.03475772498723616,0.8521671566989666
tqwt_skewnessValue_dec_14,0.03237697039810211,0.8572634498885475
tqwt_minValue_dec_20,0.030932777846943794,0.8604496867153247
det_LT_TKEO_mean_6_coef,0.030466613162062887,0.8614944734874532
tqwt_meanValue_dec_35,0.029317331685943162,0.8641060178336332
tqwt_entropy_shannon_dec_24,0.027705062832036935,0.8678600856677527
tqwt_skewnessValue_dec_18,0.02681166810103325,0.8699887586543366
tqwt_medianValue_dec_11,0.02485405140621169,0.874784231347454
tqwt_skewnessValue_dec_22,0.02221184698452879,0.8815749093976307
tqwt_energy_dec_4,0.0211844511532466,0.8843263953359387
tqwt_maxValue_dec_20,0.020453216703072926,0.8863264719810751
tqwt_stdValue_dec_21,0.02033243045258906,0.8866603387346462
mean_6th_delta_delta,0.02007700520525898,0.8873697113391218
tqwt_TKEO_std_dec_4,0.019166247643565684,0.8899373063651611
tqwt_medianValue_dec_16,0.012482034452980096,0.9110803239759269
tqwt_meanValue_dec_31,0.012192420750426463,0.9121137130006679
tqwt_skewnessValue_dec_3,0.009195299445394368,0.9236382149812878
det_LT_TKEO_std_6_coef,0.004776691090169472,0.9449221762055583
tqwt_meanValue_dec_21,0.004487515333675715,0.9466128029546378
tqwt_skewnessValue_dec_5,0.003953911962366808,0.9498828564124207
tqwt_skewnessValue_dec_26,0.003639032239961501,0.9519173292407919
Ed2_6_coef,0.0024752756408970003,0.9603364341302633
tqwt_meanValue_dec_30,0.0018394885246945452,0.9658040560611082
tqwt_meanValue_dec_18,0.0017899239238596196,0.9662676238841429
tqwt_medianValue_dec_23,0.001629617171652362,0.9678127358726737
mean_4th_delta_delta,0.0013851666805764686,0.9703236827223174
tqwt_meanValue_dec_6,0.0012334178168368186,0.9719956758143982
tqwt_TKEO_mean_dec_4,0.0010803492251936929,0.973790232628549
tqwt_meanValue_dec_26,0.0003998324291952472,0.9840533513286005
